id,created_at,updated_at,product_code,title,description,model_size,model_height,fabric_stretch,fabric_material,main_fiber_content,care_advice,care_instructions,price,markdown
26,2019-07-26 17:10:54.306447,2019-09-10 22:39:54.836386,1495621,Pull&Bear frille detail button front midi dress in green,Add-to-bag potential: considerable,Model wears: UK 8/ EU 36/ US 4,Model's height:  170cm/5'7,"",Pure cotton. It's light and breathable.,Main: 100% Cotton.  ,"","Just here for the care instructions? Yeah, we thought so. Hand wash only.",16.0,0.0
18,2019-07-26 17:10:54.232849,2019-09-10 22:39:55.011152,1443662,ASOS DESIGN Curve lounge soft linen look jumpsuit,For your daytime thing,Model wears: UK 18/ EU 46/ US 14,Model's height: 174cm/5'8.5,"","Textured, linen-mix fabric",Body: 91% Viscose  9% Linen. ,"","Just here for the care instructions? Yeah, we thought so. Machine wash according to instructions on care label.",26.0,0.0
22,2019-07-26 17:10:54.246156,2019-09-10 22:39:55.019389,1432684,ASOS DESIGN Petite bias cut satin slip skirt in cherry print,For your daytime thing,Model wears: UK 6/ EU 34/ US 2,Model's height:  158 cm/5'2,"",Smooth woven fabric,Main: 100% Polyester.  ,"",Avoid post-wash regrets. Always check the label.,39.9,0.0
2,2019-07-26 17:10:54.159087,2019-07-26 17:11:29.816601,1400460,Wild Honey tie shoulder sun dress,,Model wears: UK 18/ EU 46/ US 14,Model's height: 170cm/5'7,Stretchy swim fabric,"",Body: 100% Rayon.,"","",64.0,0.0
20,2019-07-26 17:10:54.239316,2019-09-10 22:39:54.61379,1477365,Stradivarius tie waist linen striped pants in pink,Striped design,Model wears: UK S/ EU S/ US XS,Model's height: 175cm/5'9,"",Cotton-rich woven fabric,Main: 57% Cotton  43% Viscose. ,"","Check the label before you wash it. Fresh looks are for life, not just one wash.",24.0,0.0
9,2019-07-26 17:10:54.199058,2019-09-10 22:39:53.701768,1463827,ASOS DESIGN Tall top with broidery sleeve,For your daytime thing,Model wears: UK 8/ EU 36/ US 4,Model's height: 180cm/5'11,"",Soft jersey. Go-with-everything jersey. We partner with the Better Cotton Initiative to improve cotton farming globally. This makes it better for farmers and the environment. BCI provides farming-practice training. It promotes things like water efficiency and reducing the most harmful chemicals.,Body: 91% Viscose,"","Just here for the care instructions? Yeah, we thought so. Machine wash according to instructions on care label.",67.0,0.0
25,2019-07-26 17:10:54.302326,2019-09-10 22:39:54.832204,1416233,ASOS DESIGN Petite crop tank in linen mix in black,A wardrobe staple,Model wears: UK 6/ EU 34/ US 2,Model's height: 164cm/5'4.5,"",Linen-mix jersey. Textured.,Main: 100% Cotton.,"",Just here for the care instructions? We've got you covered. Hand wash only.,49.9,0.0
10,2019-07-26 17:10:54.205809,2019-09-10 22:39:54.744139,1452985,ASOS DESIGN color block pleated midi skirt in scuba,Worth making plans for,Model wears: UK 8/ EU 36/ US 4,Model's height: 173cm/5'8,"","Thick, scuba-style fabric",Main: 94% Polyester  6% Spandex. ,"","For best results, check the label before you wash. For worst results, ignore and leave on the floor.",35.0,0.0
15,2019-07-26 17:10:54.223174,2019-09-10 22:39:54.263565,1477365,Stradivarius tie waist linen striped pants in pink,Striped design,Model wears: UK S/ EU S/ US XS,Model's height: 175cm/5'9,"",Cotton-rich woven fabric,Main: 57% Cotton 43% Viscose. ,"","The label may be small, but it's important. Machine wash according to instructions on care label.",24.0,0.0
5,2019-07-26 17:10:54.175517,2019-09-10 22:39:54.276332,1485946,Pull&Bear v neck mini dress in peach,Daytime dressing made easy,Model wears: UK S/ EU S/ US XS,Model's height: 173cm/5'8,"","Soft, ribbed jersey. For a textural switch-up.",Main: 66% Polyester  30% Viscose  4% Spandex.,"",Just here for the care instructions? We've got you covered. Machine wash according to instructions on care label.,26.0,0.0
21,2019-07-26 17:10:54.24259,2019-09-10 22:39:54.988007,1447083,The North Face Class V Hike Short 2.0 in black,For your daytime thing,Model wears: UK S/ EU S/ US XS,Model's height: 173cm/5'8,"",Smooth woven fabric. Uses The North Face FlashDry-XD technology. Moves sweat away from the skin to help keep you dry and comfortableAbrasion and snag-resistant.,Body: 100% Polyester,"","The label may be small, but it's important. Machine wash according to instructions on care label.",48.0,0.0
16,2019-07-26 17:10:54.226562,2019-09-10 22:39:54.587561,1456559,ASOS DESIGN mini slubby cami swing dress with faux wood buttons,For your daytime thing,Model wears: UK 8/ EU 36/ US 4,Model's height: 178cm/5'10,"",Everyday T-shirt fabric. Basic in the best way.,Main: 95% Polyester,"","Just here for the care instructions? Yeah, we thought so. Machine wash according to instructions on care label.",23.0,0.0
6,2019-07-26 17:10:54.181136,2019-09-10 22:39:55.04411,1467182,Simply Be swing dress in green snake print with floral,It’s everything you’ve been scrolling for,Model wears: UK 18/ EU 46/ US 14,Model's height: 178cm/5'10,"",Soft jersey. Just like that T-shirt you've got.,Main: 95% Polyester,"","Clothes have needs, Machine wash according to instructions on care label.",60.0,0.0
3,2019-07-26 17:10:54.164657,2019-09-10 22:39:54.409133,1419961,Wild Honey tie shoulder sun dress,"Yeah, we like this one, too",Model wears: UK S/ EU S/ US XS,Model's height: 170cm/5'7,"",Lightweight woven fabric,Body: 100% Rayon.  ,"","The label may be small, but it's important. Hand wash only.",35.0,0.0
19,2019-07-26 17:10:54.23637,2019-09-10 22:39:54.442416,1423479,ASOS DESIGN denim wrap tie front midi skirt in off white,An alternative to your denim,Model wears: UK 8/ EU 36/ US 4,Model's height: 175cm/5'9,"",Non-stretch denim. Thick.,Main: 100% Cotton.  ,"","Just here for the care instructions? Yeah, we thought so. Machine wash according to instructions on care label.",30.0,0.0
14,2019-07-26 17:10:54.220012,2019-09-10 22:39:54.455221,1400460,Peek & Beau Curve Exclusive Eco scoop swimsuit with drawstring channel waist in floral,Just add water,Model wears: UK 18/ EU 46/ US 14,Model's height: 170cm/5'7,"",Stretchy swim fabric,Main: 95% Polyester,"","The label may be small, but it's important. Hand wash only.",64.0,0.0
13,2019-07-26 17:10:54.216543,2019-09-10 22:39:55.064737,1433690,ASOS DESIGN kimono maxi dress in linear sequin,For that thing you have to go to,Model wears: UK 8/ EU 36/ US 4,Model's height: 168cm/5'6,"",Lightweight woven fabric,Main: 68% Cotton,"","The label may be small, but it's important. Machine wash according to instructions on care label.",57.0,0.0
8,2019-07-26 17:10:54.192402,2019-09-10 22:39:55.04825,1456546,ASOS DESIGN Tall one shoulder peplum top in snake print,Introduce it to your friends,Model wears: UK 8/ EU 36/ US 4,Model's height: 180cm/5'11,"",Go-with-everything jersey. It's a soft all-rounder.,Main: 95% Polyester,"","The label may be small, but it's important. Hand wash only.",23.0,0.0
24,2019-07-26 17:10:54.297488,2019-09-10 22:39:54.963664,1455749,Pull&Bear pacific wrap top in yellow polka dot print,Part of a two-piece set,Model wears: UK S/ EU S/ US XS,Model's height: 173cm/5'8,"",Lightweight woven fabric,Main: 100% Viscose.  ,"",Unless you're about that multicoloured life. Dry clean only.,13.0,0.0
31,2019-07-26 17:10:54.323345,2019-07-26 17:10:54.323345,1423479,Stradivarius tie waist linen striped pants in pink,,Model wears: UK 8/ EU 36/ US 4,Model's height: 175cm/5'9,Non-stretch denim,Non-stretch denimThick,"",Main: 100% Cotton.,"",30.0,0.0
35,2019-07-26 17:10:54.335682,2019-07-26 17:10:54.335682,1456546,ASOS DESIGN Tall top with broidery sleeve,,Model wears: UK 8/ EU 36/ US 4,Model's height: 180cm/5'11,Go-with-everything jersey,Go-with-everything jerseyIt's a soft all-rounder,"",3% Spandex.,"",23.0,0.0
39,2019-07-26 17:10:54.348236,2019-07-26 17:10:54.348236,1419961,The North Face Shine On t-shirt in pink with pocket,,Model wears: UK S/ EU S/ US XS,Model's height: 170cm/5'7,"",Lightweight woven fabric,"",Body: 100% Rayon.,"",35.0,0.0
42,2019-07-26 17:10:54.35734,2019-07-26 17:10:54.35734,1419961,The North Face Shine On t-shirt in pink with pocket,,Model wears: UK S/ EU S/ US XS,Model's height: 170cm/5'7,"",Lightweight woven fabric,"",Body: 100% Rayon.,"",35.0,0.0
51,2019-07-26 17:10:54.385348,2019-07-26 17:10:54.385348,1463827,ASOS DESIGN color block pleated midi skirt in scuba,,Model wears: UK 8/ EU 36/ US 4,Model's height: 180cm/5'11,Soft jersey,Soft jerseyWe partner with the Better Cotton Initiative to improve cotton farming globally This makes it better for farmers and the environment BCI provides farming-practice training It promotes things like water efficiency and reducing the most harmful chemicals,"",Lace Trim: 100% Cotton,"",67.0,0.0
46,2019-07-26 17:10:54.369569,2019-09-10 22:39:54.543605,1476240,Pull&Bear slim mom stretch jeans in dark blue,Wear them again and again,Model wears: UK 8/ EU 36/ US 4,Model's height: 165cm/5'5,"",Stretch denim,Main: 98% Cotton  2% Spandex. ,"",Clothes have needs too y'know. Machine wash according to instructions on care label.,60.0,0.0
33,2019-07-26 17:10:54.32946,2019-09-10 22:39:53.90078,1456736,adidas Originals adicolor cropped hoodie in white,A wardrobe staple,Model wears: UK 8/ EU 36/ US 4,Model's height:  175 cm/5'9,"",Soft-touch sweatshirt fabric. Style and comfort – it's a lifestyle.,Main: 95% Polyester,"",Avoid post-wash regrets. Always check the label.,35.0,0.0
47,2019-07-26 17:10:54.372734,2019-09-10 22:39:54.05037,1456736,adidas Originals adicolor cropped hoodie in white,A wardrobe staple,Model wears: UK 8/ EU 36/ US 4,Model's height:  175 cm/5'9,"",Soft-touch sweatshirt fabric. Style and comfort – it's a lifestyle.,Main: 95% Polyester,"",Avoid post-wash regrets. Always check the label.,35.0,0.0
32,2019-07-26 17:10:54.326429,2019-09-10 22:39:54.639658,1400321,Peek & Beau Curve Exclusive Eco sleeve bikini top in floral,Just add water,Model wears: UK 18/ EU 46/ US 14,Model's height: 170cm/5'7,"",Stretchy swim fabric,Body: 95% Cotton,"",Just here for the care instructions? We've got you covered. Machine wash according to instructions on care label.,60.0,0.0
44,2019-07-26 17:10:54.363501,2019-09-10 22:39:54.934039,1489286,Pull&Bear belted cargo utility skirt in camel,Add-to-bag potential: considerable,Model wears: UK S/ EU S/ US S,Model's height:  170cm/5'7,"",Soft twill. Ribbed.,Main: 93% Polyester,"","The label may be small, but it's important. Machine wash according to instructions on care label.",26.0,0.0
38,2019-07-26 17:10:54.344981,2019-09-10 22:39:54.998698,1456386,Pull&Bear Pacific swimsuit in tropical floral print,Just add water,Model wears: UK S/ EU S/ US XS,Model's height: 171cm/5'7.5,"",Stretchy swim fabric,Body: 100% Polyester.,"","Just here for the care instructions? Yeah, we thought so. Machine wash according to instructions on care label.",64.0,0.0
30,2019-07-26 17:10:54.320041,2019-09-10 22:39:54.789562,1476237,Pull&Bear dress with crochet detail in white,For your daytime thing,Model wears: UK S/ EU S/ US XS,Model's height:  170cm/5'7,"",Lightweight viscose. Soft and drapey.,Main: 100% Viscose.  ,"",Just here for the care instructions? We've got you covered. Hand wash only.,45.0,0.0
41,2019-07-26 17:10:54.354362,2019-09-10 22:39:54.678984,1485926,Pull&Bear graphic motif t shirt in white,Throw on and go,Model wears: UK S/ EU S/ US XS,Model's height: 173cm/5'8,"",Everyday T-shirt fabric. Basic in the best way.,Main: 95% Polyester,"",Just here for the care instructions? We've got you covered. Machine wash according to instructions on care label.,64.0,0.0
52,2019-07-26 17:10:54.388664,2019-09-10 22:39:55.039636,1489286,Pull&Bear belted cargo utility skirt in camel,Add-to-bag potential: considerable,Model wears: UK S/ EU S/ US S,Model's height:  170cm/5'7,"",Soft twill. Ribbed.,Main: 100% Cotton.  ,"","Just here for the care instructions? Yeah, we thought so. Machine wash according to instructions on care label.",26.0,0.0
40,2019-07-26 17:10:54.351158,2019-09-10 22:39:54.33037,1400317,Peek & Beau Curve Exclusive Eco stripe padded bandeau bikini with dusty pink frill,Just add water,Model wears: UK 18/ EU 46/ US 14,Model's height: 170cm/5'7,"",Stretchy swim fabric,Main: 95% Polyester,"","Just here for the care instructions? Yeah, we thought so. Machine wash according to instructions on care label.",19.0,0.0
54,2019-07-26 17:10:54.39492,2019-09-10 22:39:54.920606,1400317,Peek & Beau Curve Exclusive Eco stripe padded bandeau bikini with dusty pink frill,Just add water,Model wears: UK 18/ EU 46/ US 14,Model's height: 170cm/5'7,"",Stretchy swim fabric,Body: 100% Cotton,"",Just here for the care instructions? We've got you covered. Hand wash only.,19.0,0.0
81,2019-07-26 17:10:54.481148,2019-09-10 22:39:54.983668,1466811,Simply Be lace Brazilian brief with blush underlay in black,"Yeah, we like these too",Model wears: UK 18/ EU 46/ US 14,Model's height:  180 cm/5'11,"",Stretch lace,Main: 85% Polyamide,"",Just here for the care instructions? We've got you covered. Machine wash according to instructions on care label.,42.0,0.0
27,2019-07-26 17:10:54.309594,2019-09-10 22:39:55.02418,1465286,ASOS DESIGN going out one shoulder bodycon mini dress,"If you didn't have plans, now you do",Model wears: UK 8/ EU 36/ US 4,Model's height: 176cm/5'9.5,"",Super-stretch fabric ,Fabric: 96% Viscose  4% Spandex. ,"","Just here for the care instructions? Yeah, we thought so. Machine wash according to instructions on care label.",21.0,0.0
53,2019-07-26 17:10:54.391673,2019-09-10 22:39:54.565867,1400328,Peek & Beau Curve Exclusive Eco high waist bikini bottom in floral,Just add water,Model wears: UK 18/ EU 46/ US 14,Model's height: 170cm/5'7,"",Stretchy swim fabric,Lining: 100% Polyester,"",Don’t just pile on the chair. Wash according to instructions on care label.,42.0,0.0
48,2019-07-26 17:10:54.375788,2019-09-10 22:39:54.47823,1404338,ASOS DESIGN high neck long sleeve open back pencil dress in metallic chainmail,For that thing you have to go to,Model wears: UK 8/ EU 36/ US 4,Model's height:  173 cm/5'8,"",Lightweight knit,Body: 100% Polyester,"","Clothes have needs, Machine wash according to instructions on care label.",13.0,0.0
28,2019-07-26 17:10:54.313096,2019-09-10 22:39:55.006929,1485938,Pull&Bear linen ruffle edge two-piece top in beige,Part of a two-piece set,Model wears: UK S/ EU S/ US XS,Model's height:  170cm/5'7,"","Textured, linen-mix fabric",Main: 76% Viscose  24% Linen. ,"","The label may be small, but it's important. Machine wash according to instructions on care label.",23.0,0.0
34,2019-07-26 17:10:54.332569,2019-09-10 22:39:54.970388,1481044,Stradivarius linen blazer in stripe with matching pants in pink,Part of a two-piece set,Model wears: UK S/ EU S/ US XS,Model's height: 173cm/5'8,"",Cotton-rich woven fabric,Main: 57% Cotton  43% Viscose. ,"","Just here for the care instructions? Yeah, we thought so. Hand wash only.",35.0,0.0
60,2019-07-26 17:10:54.414056,2019-07-26 17:10:54.414056,1455749,ASOS DESIGN Petite crop tank in linen mix in black,,Model wears: UK S/ EU S/ US XS,Model's height: 173cm/5'8,"",Lightweight woven fabric,"",Main: 100% Viscose.,"",13.0,0.0
64,2019-07-26 17:10:54.426932,2019-07-26 17:10:54.426932,1400460,Wild Honey tie shoulder sun dress,,Model wears: UK 18/ EU 46/ US 14,Model's height: 170cm/5'7,Stretchy swim fabric,"","","","",64.0,0.0
65,2019-07-26 17:10:54.430098,2019-07-26 17:10:54.430098,1423479,Stradivarius tie waist linen striped pants in pink,,Model wears: UK 8/ EU 36/ US 4,Model's height: 175cm/5'9,Non-stretch denim,Non-stretch denimThick,"",Main: 100% Cotton.,"",30.0,0.0
66,2019-07-26 17:10:54.433192,2019-07-26 17:10:54.433192,1485946,Simply Be swing dress in green snake print with floral,,Model wears: UK S/ EU S/ US XS,Model's height: 173cm/5'8,"Soft, ribbed jerseyFor a textural switch-up",Soft,Main: 95% Polyester,Main: 66% Polyester  30% Viscose  4% Spandex.,30% Viscose  4% Spandex.,26.0,0.0
73,2019-07-26 17:10:54.455643,2019-07-26 17:10:54.455643,1495621,ASOS DESIGN going out one shoulder bodycon mini dress,,Model wears: UK 8/ EU 36/ US 4,Model's height:  170cm/5'7,Pure cotton,Pure cottonIt's light and breathable,Body: 100% Cotton.,Main: 100% Cotton.,"",16.0,0.0
82,2019-07-26 17:10:54.484316,2019-07-26 17:10:54.484316,1456736,ASOS DESIGN Tall one shoulder peplum top in snake print,,Model wears: UK 8/ EU 36/ US 4,Model's height:  175 cm/5'9,Soft-touch sweatshirt fabric,Soft-touch sweatshirt fabricStyle and comfort it's a lifestyle,"","","",35.0,0.0
77,2019-07-26 17:10:54.468558,2019-09-10 22:39:54.626649,1470437,adidas Originals RYV taping cropped t-shirt in periwinkle,Designed in collaboration with adidas. Originals and Kylie Jenner.,Model wears: UK XS/ EU XS/ US XS,Model's height: 175 cm/5'9,"",Soft-touch jersey,Body: 100% Cotton.  ,"",Avoid post-wash regrets. Always check the label.,40.0,0.0
76,2019-07-26 17:10:54.465046,2019-09-10 22:39:54.824055,1415537,Simply Be Chloe high waist skinny jeans in white with black polka dots,It’s everything you’ve been scrolling for,Model wears: UK 18/ EU 46/ US 14,Model's height: 178cm/5'10,"",Stretch denim,Main: 80% Cotton  17% Viscose  3% Spandex.,"","The label may be small, but it's important. Machine wash according to instructions on care label.",30.0,0.0
72,2019-07-26 17:10:54.452633,2019-09-10 22:39:54.979673,1436503,ASOS DESIGN maternity mix & match pyjama jersey pants,You're invited to this PJ party,Model wears: UK 8/ EU 36/ US 4,Model's height:  174 cm/5'8.5,"",Soft jersey. We partner with the Better Cotton Initiative to improve cotton farming globally. This makes it better for farmers and the environment. BCI provides farming-practice training. It promotes things like water efficiency and reducing the most harmful chemicals.,Main: 85% Polyamide,"","We don’t like to label, but this one comes in handy. Follow the instructions before you wash it.",35.0,0.0
68,2019-07-26 17:10:54.439831,2019-09-10 22:39:54.656771,1400430,Peek & Beau Curve Exclusive Eco cut out swimsuit in contrast stripe,Just add water,Model wears: UK 18/ EU 46/ US 14,Model's height: 170cm/5'7,"",Stretchy swim fabric,Main: 95% Polyester,"",Just here for the care instructions? We've got you covered. Hand wash only.,19.0,0.0
67,2019-07-26 17:10:54.436703,2019-09-10 22:39:54.600624,1400330,Peek & Beau Curve Exclusive rib triangle bikini top in yellow,Just add water,Model wears: UK 18/ EU 46/ US 14,Model's height: 170cm/5'7,"",Stretchy swim fabric. Best paired with pools.,Main: 95% Polyester  5% Spandex. ,"","The label may be small, but it's important. Hand wash only.",54.0,0.0
61,2019-07-26 17:10:54.417014,2019-09-10 22:39:54.959548,1477427,Stradivarius palazzo pant in yellow,For your daytime thing,Model wears: UK S/ EU S/ US S,Model's height: 174cm/5'8.5,"",Soft woven fabric,Main: 100% Polyester.  ,"",Just here for the care instructions? We've got you covered. Machine wash according to instructions on care label.,40.5,0.0
75,2019-07-26 17:10:54.461932,2019-09-10 22:39:54.2421,1460863,Stradivarius boxy denim jacket in light blue,Cuz you're hot then you're cold,Model wears: UK S/ EU S/ US XS,Model's height: 179cm/5'10.5,"",Non-stretch denim. Thick.,Main: 100% Cotton.  ,"",Just here for the care instructions? We've got you covered. Machine wash according to instructions on care label.,28.0,0.0
63,2019-07-26 17:10:54.423497,2019-09-10 22:39:54.648297,1489304,Pull&Bear broderie short sleeved top in green,For your daytime thing,Model wears: UK S/ EU S/ US XS,Model's height: 173cm/5'8,"",Broderie anglaise. Embroidered eyelet fabric. It's a cute all-rounder.,Main: 95% Polyester,"",Just here for the care instructions? We've got you covered. Machine wash according to instructions on care label.,57.0,0.0
62,2019-07-26 17:10:54.420469,2019-09-10 22:39:54.687157,1421721,Wild Honey Maternity jumpsuit with shirred bodice in stripe,Done in one,Model wears: UK S/ EU S/ US S,Model's height: 173cm/5'8,"",Pure cotton. It's light and breathable.,Body: 100% Cotton.,"","The label may be small, but it's important. Hand wash only.",32.0,0.0
58,2019-07-26 17:10:54.40777,2019-09-10 22:39:54.365873,1477427,Stradivarius palazzo pant in yellow,For your daytime thing,Model wears: UK S/ EU S/ US S,Model's height: 174cm/5'8.5,"",Soft woven fabric,Main: 100% Polyester.  ,"","The label may be small, but it's important. Machine wash according to instructions on care label.",40.5,0.0
57,2019-07-26 17:10:54.404704,2019-09-10 22:39:55.052318,1455747,Pull&Bear pacific wrap top two-piece in green floral print,Part of a two-piece set,Model wears: UK 8/ EU 36/ US 4,Model's height: 174cm/5'8.5,"",Lightweight woven fabric,Main: 100% Viscose.  ,"",Avoid post-wash regrets. Always check the label.,30.0,0.0
59,2019-07-26 17:10:54.411005,2019-09-10 22:39:54.426527,1460863,Stradivarius boxy denim jacket in light blue,Cuz you're hot then you're cold,Model wears: UK S/ EU S/ US XS,Model's height: 179cm/5'10.5,"",Non-stretch denim. Thick.,Main: 100% Cotton.  ,"","Check the label before you wash it. Fresh looks are for life, not just one wash.",28.0,0.0
74,2019-07-26 17:10:54.458861,2019-09-10 22:39:54.496706,1421721,Wild Honey Maternity jumpsuit with shirred bodice in stripe,Done in one,Model wears: UK S/ EU S/ US S,Model's height: 173cm/5'8,"",Pure cotton. It's light and breathable.,Main: 95% Polyester,"","The label may be small, but it's important. Machine wash according to instructions on care label.",32.0,0.0
80,2019-07-26 17:10:54.47808,2019-09-10 22:39:54.793597,1454296,ASOS DESIGN denim wrap skirt with side buttons in black,An alternative to your jeans,Model wears: UK 8/ EU 36/ US 4,Model's height:  173 cm/5'8,"",Non-stretch denim. We partner with the Better Cotton Initiative to improve cotton farming globally.,Main: 100% Cotton.  ,"",Just here for the care instructions? We've got you covered. Hand wash only.,23.0,0.0
71,2019-07-26 17:10:54.449163,2019-09-10 22:39:54.937964,1495573,Pull&Bear Pacific crinkle swimsuit in orange,Pool rules,Model wears: UK S/ EU S/ US XS,Model's height: 171cm/5'7.5,"",Stretchy swim fabric. Goes great with your vacation.,Main: 93% Polyester  7% Spandex. ,"",Just here for the care instructions? We've got you covered. Hand wash only.,19.0,0.0
83,2019-07-26 17:10:54.487497,2019-07-26 17:10:54.487497,1400430,ASOS DESIGN maternity mix & match pyjama jersey pants,,Model wears: UK 18/ EU 46/ US 14,Model's height: 170cm/5'7,Stretchy swim fabric,"",Main: 93% Polyester,"","",19.0,0.0
84,2019-07-26 17:10:54.491031,2019-07-26 17:10:54.491031,1495573,ASOS DESIGN maternity mix & match pyjama jersey pants,,Model wears: UK S/ EU S/ US XS,Model's height: 171cm/5'7.5,Stretchy swim fabric,Stretchy swim fabricGoes great with your vacation,Body: 100% Cotton.,10% Spandex  Main: 93% Polyester  7% Spandex.,Main: 93% Polyester  7% Spandex.,19.0,0.0
85,2019-07-26 17:10:54.494149,2019-07-26 17:10:54.494149,1470437,The North Face 92 Rage heavyweight long sleeve top in white,,Model wears: UK XS/ EU XS/ US XS,Model's height: 175 cm/5'9,"",Soft-touch jersey,Body: 100% Cotton,in other words Body: 100% Cotton.,Body: 100% Cotton.,40.0,0.0
90,2019-07-26 17:10:54.510324,2019-07-26 17:10:54.510324,1495573,ASOS DESIGN maternity mix & match pyjama jersey pants,,Model wears: UK S/ EU S/ US XS,Model's height: 171cm/5'7.5,Stretchy swim fabric,Stretchy swim fabricGoes great with your vacation,"",10% Spandex  Main: 93% Polyester  7% Spandex.,Main: 93% Polyester  7% Spandex.,19.0,0.0
92,2019-07-26 17:10:54.516661,2019-07-26 17:10:54.516661,1485926,Wild Honey tie shoulder sun dress,,Model wears: UK S/ EU S/ US XS,Model's height: 173cm/5'8,Everyday T-shirt fabric,Everyday T-shirt fabricBasic in the best way,"","","",64.0,0.0
93,2019-07-26 17:10:54.519802,2019-07-26 17:10:54.519802,1454296,Simply Be lace Brazilian brief with blush underlay in black,,Model wears: UK 8/ EU 36/ US 4,Model's height:  173 cm/5'8,We partner with the Better Cotton Initiative to improve cotton farming globally,Non-stretch denim,"",Main: 100% Cotton.,"",23.0,0.0
94,2019-07-26 17:10:54.52303,2019-07-26 17:10:54.52303,1465286,Pull&Bear linen ruffle edge two-piece top in beige,,Model wears: UK 8/ EU 36/ US 4,Model's height: 176cm/5'9.5,"",Super-stretch fabric,Body: 100% Polyester,Fabric: 96% Viscose  4% Spandex.,4% Spandex.,21.0,0.0
96,2019-07-26 17:10:54.529354,2019-07-26 17:10:54.529354,1400328,Peek & Beau Curve Exclusive Eco stripe padded bandeau bikini with dusty pink frill,,Model wears: UK 18/ EU 46/ US 14,Model's height: 170cm/5'7,Stretchy swim fabric,"","","","",42.0,0.0
98,2019-07-26 17:10:54.535748,2019-07-26 17:10:54.535748,1400328,Peek & Beau Curve Exclusive Eco stripe padded bandeau bikini with dusty pink frill,,Model wears: UK 18/ EU 46/ US 14,Model's height: 170cm/5'7,Stretchy swim fabric,"","","","",42.0,0.0
101,2019-07-26 17:10:54.550716,2019-07-26 17:10:54.550716,1456559,ASOS DESIGN Tall top with broidery sleeve,,Model wears: UK 8/ EU 36/ US 4,Model's height: 178cm/5'10,Everyday T-shirt fabric,Everyday T-shirt fabricBasic in the best way,"",20% Viscose.,"",23.0,0.0
102,2019-07-26 17:10:54.554432,2019-07-26 17:10:54.554432,1415544,ASOS DESIGN Tall top with broidery sleeve,,Model wears: UK 18/ EU 46/ US 14,Model's height: 178cm/5'10,Stretch denim,Stretch denimFor a tight cut without the restriction,"",21% Polyester  12% Viscose  1% Spandex.,12% Viscose  1% Spandex.,23.0,0.0
106,2019-07-26 17:10:54.570969,2019-07-26 17:10:54.570969,1467182,adidas Originals adicolor cropped hoodie in white,,Model wears: UK 18/ EU 46/ US 14,Model's height: 178cm/5'10,Soft jersey,Soft jerseyJust like that T-shirt you've got,"",3% Spandex.,"",60.0,0.0
111,2019-07-26 17:10:54.587675,2019-07-26 17:10:54.587675,1460863,Pull&Bear pacific wrap top in yellow polka dot print,,Model wears: UK S/ EU S/ US XS,Model's height: 179cm/5'10.5,Non-stretch denim,Non-stretch denimThick,Body: 100% Polyester.,Main: 100% Cotton.,"",28.0,0.0
95,2019-07-26 17:10:54.526105,2019-09-10 22:39:54.994777,1472487,ASOS DESIGN spray on leather look pants,They've already got your attention,Model wears: UK 8/ EU 36/ US 4,Model's height: 175cm/5'9,"",Soft faux leather,Body: 100% Polyester  Coating: 100% Polyurethane. ,"",Just here for the care instructions? We've got you covered. Hand wash only.,26.0,0.0
100,2019-07-26 17:10:54.542056,2019-09-10 22:39:54.618066,1442319,One Teaspoon paperbag waistband detail short,Some serious daytime inspiration right here,Model wears: UK 8/ W26,Model's height:  173 cm/5'8,"",Non-stretch denim,Body: 100% Cotton.  ,"","Just here for the care instructions? Yeah, we thought so. Machine wash according to instructions on care label.",24.0,0.0
103,2019-07-26 17:10:54.56072,2019-07-26 17:12:30.20355,1425172,Bershka striped jumpsuit in white,,Model wears: UK 8/ EU 36/ US 4,Model's height: 178cm/5'10,"","","","","",26.0,0.0
91,2019-07-26 17:10:54.513418,2019-09-10 22:39:54.09423,1472298,Bershka striped jumpsuit in white,Daytime dressing made easy,Model wears: UK S/ EU S/ US XS,Model's height:  170cm/5'7,"",Stretch viscose,Main: 96% Viscose  4% Spandex. ,"",Just here for the care instructions? We've got you covered. Machine wash according to instructions on care label.,32.0,0.0
105,2019-07-26 17:10:54.56721,2019-09-10 22:39:54.194626,1442319,One Teaspoon paperbag waistband detail short,Some serious daytime inspiration right here,Model wears: UK 8/ W26,Model's height:  173 cm/5'8,"",Non-stretch denim,Body: 100% Cotton.  ,"","For best results, check the label before you wash. For worst results, ignore and leave on the floor.",24.0,0.0
87,2019-07-26 17:10:54.500549,2019-09-10 22:39:54.505073,1474640,Pull&Bear denim jacket two-piece in beige,Part of a two-piece set,Model wears: UK S/ EU S/ US XS,Model's height:  170cm/5'7,"",Non-stretch denim. Thick.,Main: 100% Cotton.  ,"","Just here for the care instructions? Yeah, we thought so. Machine wash according to instructions on care label.",29.9,0.0
108,2019-07-26 17:10:54.577562,2019-09-10 22:39:54.592086,1425172,Paper Dolls Tall 2 in 1 lace jumpsuit in blue,Done in one,Model wears: UK 8/ EU 36/ US 4,Model's height: 178cm/5'10,"",Soft woven fabric,Main: 68% Cotton,"",Just here for the care instructions? We've got you covered. Machine wash according to instructions on care label.,26.0,0.0
110,2019-07-26 17:10:54.584271,2019-09-10 22:39:55.060733,1433197,ASOS DESIGN Maternity traditional pyjama pants set with piping,You're invited to this PJ party,Model wears: UK 8/ EU 36/ US 4,Model's height:  180 cm/5'11,"",Lightweight viscose. Soft and drapey.,Lining: 100% Polyester,"",Just here for the care instructions? We've got you covered. Hand wash only.,40.5,0.0
107,2019-07-26 17:10:54.574326,2019-09-10 22:39:54.605122,1485940,Pull&Bear linen split leg two-piece pants in beige,Part of a two-piece set,Model wears: UK S/ EU S/ US XS,Model's height:  170cm/5'7,"","Textured, linen-mix fabric",Main: 76% Viscose  24% Linen. ,"","Just here for the care instructions? Yeah, we thought so. Hand wash only.",108.0,0.0
97,2019-07-26 17:10:54.532607,2019-09-10 22:39:54.630724,1491267,Stradivarius asymmetric sleeveless top in white,Add-to-bag potential: considerable,Model wears: UK S/ EU S/ US XS,Model's height: 178cm/5'10,"",Go-with-everything jersey. It's a soft all-rounder.,Body: 95% Viscose,"","For best results, check the label before you wash. For worst results, ignore and leave on the floor.",40.0,0.0
99,2019-07-26 17:10:54.538949,2019-09-10 22:39:54.902498,1416201,ASOS DESIGN crop tank in linen mix in black,Basic in the best way,Model wears: UK 8/ EU 36/ US 4,Model's height: 173cm/5'8,"",Lightweight,Main: 90% Polyester  10% Linen. ,"","Just here for the care instructions? Yeah, we thought so. Machine wash according to instructions on care label.",42.0,0.0
88,2019-07-26 17:10:54.503709,2019-09-10 22:39:54.806695,1495602,Pull&bear mixed print shorts in multi,Floral design,Model wears: UK S/ EU S/ US XS,Model's height:  170cm/5'7,"",Lightweight woven fabric. Drapes softly over the body.,Body: 100% Polyester.,"","The label may be small, but it's important. Machine wash according to instructions on care label.",32.0,0.0
113,2019-07-26 17:10:54.594533,2019-07-26 17:10:54.594533,1447083,ASOS DESIGN Petite bias cut satin slip skirt in cherry print,,Model wears: UK S/ EU S/ US XS,Model's height: 173cm/5'8,Smooth woven fabric,Smooth woven fabricUses The North Face FlashDry-XD technologyMoves sweat away from the skin to help keep you dry and comfortableAbrasion and snag-resistant,"","","",48.0,0.0
116,2019-07-26 17:10:54.604402,2019-07-26 17:10:54.604402,1477365,ASOS DESIGN mini slubby cami swing dress with faux wood buttons,,Model wears: UK S/ EU S/ US XS,Model's height: 175cm/5'9,"",Cotton-rich woven fabric,"",Main: 57% Cotton  43% Viscose.,43% Viscose.,24.0,0.0
117,2019-07-26 17:10:54.607682,2019-07-26 17:10:54.607682,1481044,ASOS DESIGN Tall one shoulder peplum top in snake print,,Model wears: UK S/ EU S/ US XS,Model's height: 173cm/5'8,"",Cotton-rich woven fabric,"",Main: 57% Cotton  43% Viscose.,43% Viscose.,35.0,0.0
118,2019-07-26 17:10:54.610966,2019-07-26 17:10:54.610966,1400321,adidas Originals adicolor cropped hoodie in white,,Model wears: UK 18/ EU 46/ US 14,Model's height: 170cm/5'7,Stretchy swim fabric,"","","","",60.0,0.0
119,2019-07-26 17:10:54.614177,2019-07-26 17:10:54.614177,1485946,Simply Be swing dress in green snake print with floral,,Model wears: UK S/ EU S/ US XS,Model's height: 173cm/5'8,"Soft, ribbed jerseyFor a textural switch-up",Soft,"",Main: 66% Polyester  30% Viscose  4% Spandex.,30% Viscose  4% Spandex.,26.0,0.0
120,2019-07-26 17:10:54.617641,2019-07-26 17:10:54.617641,1455749,ASOS DESIGN Petite crop tank in linen mix in black,,Model wears: UK S/ EU S/ US XS,Model's height: 173cm/5'8,"",Lightweight woven fabric,Lining: 100% Polyester,Main: 100% Viscose.,"",13.0,0.0
121,2019-07-26 17:10:54.621081,2019-07-26 17:10:54.621081,1433690,Peek & Beau Curve Exclusive Eco scoop swimsuit with drawstring channel waist in floral,,Model wears: UK 8/ EU 36/ US 4,Model's height: 168cm/5'6,"",Lightweight woven fabric,"",Lining: 100% Polyester  Shell: 100% Polyester.,Shell: 100% Polyester.,57.0,0.0
122,2019-07-26 17:10:54.624352,2019-07-26 17:10:54.624352,1485940,Paper Dolls Tall 2 in 1 lace jumpsuit in blue,,Model wears: UK S/ EU S/ US XS,Model's height:  170cm/5'7,"Textured, linen-mix fabric",Textured,Body: 91% Viscose,Main: 76% Viscose  24% Linen.,24% Linen.,108.0,0.0
123,2019-07-26 17:10:54.628529,2019-07-26 17:10:54.628529,1443662,Simply Be bandeau bikini top with removeable halterneck in black,,Model wears: UK 18/ EU 46/ US 14,Model's height: 174cm/5'8.5,"Textured, linen-mix fabric",Textured,"",Body: 91% Viscose  9% Linen.,9% Linen.,26.0,0.0
124,2019-07-26 17:10:54.631952,2019-07-26 17:10:54.631952,1485940,Paper Dolls Tall 2 in 1 lace jumpsuit in blue,,Model wears: UK S/ EU S/ US XS,Model's height:  170cm/5'7,"Textured, linen-mix fabric",Textured,"",Main: 76% Viscose  24% Linen.,24% Linen.,108.0,0.0
126,2019-07-26 17:10:54.638497,2019-07-26 17:10:54.638497,1432684,Pull&Bear elasticated waist mom jean in blue,,Model wears: UK 6/ EU 34/ US 2,Model's height:  158 cm/5'2,"",Smooth woven fabric,"",Main: 100% Polyester.,"",39.9,0.0
127,2019-07-26 17:10:54.641736,2019-07-26 17:10:54.641736,1489304,Peek & Beau Curve Exclusive Eco scoop swimsuit with drawstring channel waist in floral,,Model wears: UK S/ EU S/ US XS,Model's height: 173cm/5'8,Broderie anglaise,Broderie anglaiseEmbroidered eyelet fabricIt's a cute all-rounder,"","","",57.0,0.0
128,2019-07-26 17:10:54.645066,2019-07-26 17:10:54.645066,1465286,Pull&Bear linen ruffle edge two-piece top in beige,,Model wears: UK 8/ EU 36/ US 4,Model's height: 176cm/5'9.5,"",Super-stretch fabric,"",Fabric: 96% Viscose  4% Spandex.,4% Spandex.,21.0,0.0
130,2019-07-26 17:10:54.651617,2019-07-26 17:10:54.651617,1452985,The North Face Shine On t-shirt in pink with pocket,,Model wears: UK 8/ EU 36/ US 4,Model's height: 173cm/5'8,"Thick, scuba-style fabric",Thick,"",Main: 94% Polyester  6% Spandex.,6% Spandex.,35.0,0.0
131,2019-07-26 17:10:54.654921,2019-07-26 17:10:54.654921,1400317,Pull&Bear graphic motif t shirt in white,,Model wears: UK 18/ EU 46/ US 14,Model's height: 170cm/5'7,Stretchy swim fabric,"","","","",19.0,0.0
132,2019-07-26 17:10:54.658105,2019-07-26 17:10:54.658105,1415537,adidas Originals RYV taping cropped t-shirt in periwinkle,,Model wears: UK 18/ EU 46/ US 14,Model's height: 178cm/5'10,"",Stretch denim,"",Main: 80% Cotton  17% Viscose  3% Spandex.,17% Viscose  3% Spandex.,30.0,0.0
136,2019-07-26 17:10:54.671541,2019-07-26 17:10:54.671541,1485938,Simply Be lace Brazilian brief with blush underlay in black,,Model wears: UK S/ EU S/ US XS,Model's height:  170cm/5'7,"Textured, linen-mix fabric",Textured,"",Main: 76% Viscose  24% Linen.,24% Linen.,23.0,0.0
138,2019-07-26 17:10:54.678007,2019-07-26 17:10:54.678007,1404338,ASOS DESIGN crop tank in linen mix in black,,Model wears: UK 8/ EU 36/ US 4,Model's height:  173 cm/5'8,"",Lightweight knit,"","","",13.0,0.0
139,2019-07-26 17:10:54.681176,2019-07-26 17:10:54.681176,1477427,Stradivarius boxy denim jacket in light blue,,Model wears: UK S/ EU S/ US S,Model's height: 174cm/5'8.5,"",Soft woven fabric,"",Main: 100% Polyester.,"",40.5,0.0
137,2019-07-26 17:10:54.674877,2019-09-10 22:39:55.056659,1485835,Stradivarius tailored pants in yellow,Part of a two-piece set,Model wears: UK S/ EU S/ US XS,Model's height: 178cm/5'10,"",Lightweight,Main: 55% Viscose  24% Cotton  21% Linen.,"","The label may be small, but it's important. Machine wash according to instructions on care label.",35.0,0.0
115,2019-07-26 17:10:54.600947,2019-09-10 22:39:54.66521,1394927,ASOS DESIGN Curve chino jogger,Throw on and go,Model wears: UK 18/ EU 46/ US 14,Model's height: 174cm/5'8.5,"",Smooth woven fabric. We partner with the Better Cotton Initiative to improve cotton farming globally. This makes it better for farmers and the environment. BCI provides farming-practice training. It promotes things like water efficiency and reducing the most harmful chemicals.,Main: 95% Polyester,"","You know the drill. Always check the label. Separate your colors, etc.",135.0,0.0
114,2019-07-26 17:10:54.597756,2019-09-10 22:39:54.652295,1476242,Pull&Bear comfort stretch mom jean in black,Just like your mum's in the 80s,Model wears: UK 8/ EU 36/ US 4,Model's height:  173 cm/5'8,"",Stretch denim,Main: 98% Cotton  2% Spandex. ,"",Just here for the care instructions? We've got you covered. Machine wash according to instructions on care label.,45.0,0.0
125,2019-07-26 17:10:54.63532,2019-09-10 22:39:54.929875,1494625,Pull&Bear elasticated waist mom jean in blue,"Buy them now, wear them forever",Model wears: UK 8/ EU 36/ US 4,Model's height: 168cm/5'6,"",Non-stretch denim. Thick.,Main: 100% Cotton.  ,"","Just here for the care instructions? Yeah, we thought so. Machine wash according to instructions on care label.",28.0,0.0
133,2019-07-26 17:10:54.661481,2019-09-10 22:39:54.942663,1472252,Bershka ribbed off the shoulder top in off white,For your daytime thing,Model wears: UK 8/ EU 36/ US 4,Model's height:  170cm/5'7,"",Ribbed jersey,Main: 50% Polyester  46% Cotton  4% Spandex.,"",Unless you're about that multicoloured life. Dry clean only.,30.0,0.0
140,2019-07-26 17:10:54.684464,2019-07-26 17:10:54.684464,1472298,Pull&Bear Pacific swimsuit in tropical floral print,,Model wears: UK S/ EU S/ US XS,Model's height:  170cm/5'7,"",Stretch viscose,"",Main: 96% Viscose  4% Spandex.,4% Spandex.,32.0,0.0
142,2019-07-26 17:10:54.69134,2019-07-26 17:10:54.69134,1400430,ASOS DESIGN maternity mix & match pyjama jersey pants,,Model wears: UK 18/ EU 46/ US 14,Model's height: 170cm/5'7,Stretchy swim fabric,"","","","",19.0,0.0
143,2019-07-26 17:10:54.694696,2019-07-26 17:10:54.694696,1485946,Simply Be swing dress in green snake print with floral,,Model wears: UK S/ EU S/ US XS,Model's height: 173cm/5'8,"Soft, ribbed jerseyFor a textural switch-up",Soft,"",Main: 66% Polyester  30% Viscose  4% Spandex.,30% Viscose  4% Spandex.,26.0,0.0
145,2019-07-26 17:10:54.701314,2019-07-26 17:10:54.701314,1476240,adidas Originals adicolor cropped hoodie in white,,Model wears: UK 8/ EU 36/ US 4,Model's height: 165cm/5'5,"",Stretch denim,"",Main: 98% Cotton  2% Spandex.,2% Spandex.,60.0,0.0
146,2019-07-26 17:10:54.704669,2019-07-26 17:10:54.704669,1476240,adidas Originals adicolor cropped hoodie in white,,Model wears: UK 8/ EU 36/ US 4,Model's height: 165cm/5'5,"",Stretch denim,Main: 95% Polyester,Main: 98% Cotton  2% Spandex.,2% Spandex.,60.0,0.0
147,2019-07-26 17:10:54.70798,2019-07-26 17:10:54.70798,1400330,Peek & Beau Curve Exclusive Eco cut out swimsuit in contrast stripe,,Model wears: UK 18/ EU 46/ US 14,Model's height: 170cm/5'7,Stretchy swim fabric,Stretchy swim fabricBest paired with pools,"",23% Spandex  Main: 95% Polyester  5% Spandex.,Main: 95% Polyester  5% Spandex.,54.0,0.0
148,2019-07-26 17:10:54.711205,2019-07-26 17:10:54.711205,1472252,Stradivarius tailored pants in yellow,,Model wears: UK 8/ EU 36/ US 4,Model's height:  170cm/5'7,"",Ribbed jersey,"",Main: 50% Polyester  46% Cotton  4% Spandex.,46% Cotton  4% Spandex.,30.0,0.0
150,2019-07-26 17:10:54.717704,2019-07-26 17:10:54.717704,1419961,The North Face Shine On t-shirt in pink with pocket,,Model wears: UK S/ EU S/ US XS,Model's height: 170cm/5'7,"",Lightweight woven fabric,"",Body: 100% Rayon.,"",35.0,0.0
151,2019-07-26 17:10:54.720829,2019-07-26 17:10:54.720829,1404338,ASOS DESIGN crop tank in linen mix in black,,Model wears: UK 8/ EU 36/ US 4,Model's height:  173 cm/5'8,"",Lightweight knit,"","","",13.0,0.0
153,2019-07-26 17:10:54.72757,2019-07-26 17:10:54.72757,1416201,Simply Be longline denim shorts with distressing in stonewash,,Model wears: UK 8/ EU 36/ US 4,Model's height: 173cm/5'8,"",Lightweight,"",Keeps you cool without having to whack up the AC  Main: 90% Polyester  10% Linen.,Main: 90% Polyester  10% Linen.,42.0,0.0
154,2019-07-26 17:10:54.730903,2019-07-26 17:10:54.730903,1460863,Pull&Bear pacific wrap top in yellow polka dot print,,Model wears: UK S/ EU S/ US XS,Model's height: 179cm/5'10.5,Non-stretch denim,Non-stretch denimThick,"",Main: 100% Cotton.,"",28.0,0.0
157,2019-07-26 17:10:54.740821,2019-07-26 17:10:54.740821,1452985,The North Face Shine On t-shirt in pink with pocket,,Model wears: UK 8/ EU 36/ US 4,Model's height: 173cm/5'8,"Thick, scuba-style fabric",Thick,"",Main: 94% Polyester  6% Spandex.,6% Spandex.,35.0,0.0
158,2019-07-26 17:10:54.74498,2019-07-26 17:10:54.74498,1423479,Stradivarius tie waist linen striped pants in pink,,Model wears: UK 8/ EU 36/ US 4,Model's height: 175cm/5'9,Non-stretch denim,Non-stretch denimThick,Main: 100% Viscose.,Main: 100% Cotton.,"",30.0,0.0
159,2019-07-26 17:10:54.748811,2019-07-26 17:10:54.748811,1476237,ASOS DESIGN denim wrap tie front midi skirt in off white,,Model wears: UK S/ EU S/ US XS,Model's height:  170cm/5'7,Lightweight viscose,Lightweight viscoseSoft and drapey,"",Main: 100% Viscose.,"",45.0,0.0
161,2019-07-26 17:10:54.756698,2019-07-26 17:10:54.756698,1400460,Wild Honey tie shoulder sun dress,,Model wears: UK 18/ EU 46/ US 14,Model's height: 170cm/5'7,Stretchy swim fabric,"","","","",64.0,0.0
163,2019-07-26 17:10:54.763975,2019-07-26 17:10:54.763975,1472487,Peek & Beau Curve Exclusive Eco high waist bikini bottom in floral,,Model wears: UK 8/ EU 36/ US 4,Model's height: 175cm/5'9,"",Soft faux leather,"",no one can tell the difference Body: 100% Polyester  Coating: 100% Polyurethane.,Body: 100% Polyester  Coating: 100% Polyurethane.,26.0,0.0
164,2019-07-26 17:10:54.767597,2019-07-26 17:10:54.767597,1432684,Pull&Bear elasticated waist mom jean in blue,,Model wears: UK 6/ EU 34/ US 2,Model's height:  158 cm/5'2,"",Smooth woven fabric,"",Main: 100% Polyester.,"",39.9,0.0
165,2019-07-26 17:10:54.771388,2019-07-26 17:10:54.771388,1416233,Pull&Bear frille detail button front midi dress in green,,Model wears: UK 6/ EU 34/ US 2,Model's height: 164cm/5'4.5,Linen-mix jersey,Linen-mix jerseyTextured,"",Main: 90% Polyester  10% Linen.,10% Linen.,49.9,0.0
166,2019-07-26 17:10:54.775012,2019-07-26 17:10:54.775012,1474640,Pull&bear mixed print shorts in multi,,Model wears: UK S/ EU S/ US XS,Model's height:  170cm/5'7,Non-stretch denim,Non-stretch denimThick,"",Main: 100% Cotton.,"",29.9,0.0
167,2019-07-26 17:10:54.778447,2019-07-26 17:10:54.778447,1404338,ASOS DESIGN crop tank in linen mix in black,,Model wears: UK 8/ EU 36/ US 4,Model's height:  173 cm/5'8,"",Lightweight knit,Body: 100% Polyester,"","",13.0,0.0
168,2019-07-26 17:10:54.782186,2019-07-26 17:10:54.782186,1472487,Peek & Beau Curve Exclusive Eco high waist bikini bottom in floral,,Model wears: UK 8/ EU 36/ US 4,Model's height: 175cm/5'9,"",Soft faux leather,Body: 95% Cotton,no one can tell the difference Body: 100% Polyester  Coating: 100% Polyurethane.,Body: 100% Polyester  Coating: 100% Polyurethane.,26.0,0.0
162,2019-07-26 17:10:54.760205,2019-09-10 22:39:54.887238,1416202,ASOS DESIGN crop tank in linen mix in white,Basic in the best way,Model wears: UK 8/ EU 36/ US 4,Model's height: 173cm/5'8,"","Lightweight, cotton-rich fabric",Body: 95% Cotton,"",Just here for the care instructions? We've got you covered. Machine wash according to instructions on care label.,40.0,0.0
160,2019-07-26 17:10:54.75283,2019-09-10 22:39:55.030939,1467059,Simply Be tie side beach maxi skirt in black,Part of a two-piece set,Model wears: UK 18/ EU 46/ US 14,Model's height:  175 cm/5'9,"",Drapey woven fabric. The kind that doesn't stretch.,Body: 100% Polyester.,"",Just here for the care instructions? We've got you covered. Machine wash according to instructions on care label.,64.0,0.0
144,2019-07-26 17:10:54.69797,2019-09-10 22:39:54.755123,1446063,Missguided Tall satin wide leg pants in floral print,Part of a two-piece set,Model wears: UK 8/ EU 36/ US 4,Model's height: 180cm/5'11,"",Satin-style fabric. Silky and super smooth.,Main: 95% Polyester,"","Just here for the care instructions? Yeah, we thought so. Machine wash according to instructions on care label.",32.0,0.0
152,2019-07-26 17:10:54.724244,2019-07-26 17:12:18.973897,1495589,ASOS DESIGN crop tank in linen mix in black,,Model wears: UK 8/ EU 36/ US 4,Model's height:  170cm/5'7,Non-stretch denim,Non-stretch denimThick,"",Main: 100% Cotton.,"",13.0,0.0
149,2019-07-26 17:10:54.714396,2019-09-10 22:39:54.670318,1467059,Simply Be tie side beach maxi skirt in black,Part of a two-piece set,Model wears: UK 18/ EU 46/ US 14,Model's height:  175 cm/5'9,"",Drapey woven fabric. The kind that doesn't stretch.,Main: 95% Polyester,"",Just here for the care instructions? We've got you covered. Machine wash according to instructions on care label.,64.0,0.0
155,2019-07-26 17:10:54.734137,2019-09-10 22:39:54.915068,1495589,Pull&Bear raw hem denim shorts two-piece in beige,Part of a two-piece set,Model wears: UK 8/ EU 36/ US 4,Model's height:  170cm/5'7,"",Non-stretch denim. Thick.,Main: 100% Cotton.  ,"","Check the label before you wash it. Fresh looks are for life, not just one wash.",13.0,0.0
170,2019-07-26 17:10:54.789545,2019-07-26 17:10:54.789545,1495589,ASOS DESIGN crop tank in linen mix in black,,Model wears: UK 8/ EU 36/ US 4,Model's height:  170cm/5'7,Non-stretch denim,Non-stretch denimThick,Body: 100% Cotton.,Main: 100% Cotton.,"",13.0,0.0
171,2019-07-26 17:10:54.793039,2019-07-26 17:10:54.793039,1421721,Pull&Bear broderie short sleeved top in green,,Model wears: UK S/ EU S/ US S,Model's height: 173cm/5'8,Pure cotton,Pure cottonIt's light and breathable,"","","",32.0,0.0
172,2019-07-26 17:10:54.796907,2019-07-26 17:10:54.796907,1494625,Pull&Bear pacific wrap top in yellow polka dot print,,Model wears: UK 8/ EU 36/ US 4,Model's height: 168cm/5'6,Non-stretch denim,Non-stretch denimThick,"",Main: 100% Cotton.,"",28.0,0.0
173,2019-07-26 17:10:54.800531,2019-07-26 17:10:54.800531,1474640,Pull&bear mixed print shorts in multi,,Model wears: UK S/ EU S/ US XS,Model's height:  170cm/5'7,Non-stretch denim,Non-stretch denimThick,"",Main: 100% Cotton.,"",29.9,0.0
174,2019-07-26 17:10:54.80455,2019-07-26 17:10:54.80455,1456546,ASOS DESIGN Tall top with broidery sleeve,,Model wears: UK 8/ EU 36/ US 4,Model's height: 180cm/5'11,Go-with-everything jersey,Go-with-everything jerseyIt's a soft all-rounder,"",3% Spandex.,"",23.0,0.0
176,2019-07-26 17:10:54.812221,2019-07-26 17:10:54.812221,1425172,Bershka striped jumpsuit in white,,Model wears: UK 8/ EU 36/ US 4,Model's height: 178cm/5'10,"","","","","",26.0,0.0
177,2019-07-26 17:10:54.815725,2019-07-26 17:10:54.815725,1476242,ASOS DESIGN Maternity traditional pyjama pants set with piping,,Model wears: UK 8/ EU 36/ US 4,Model's height:  173 cm/5'8,"",Stretch denim,"",Main: 98% Cotton  2% Spandex.,2% Spandex.,45.0,0.0
178,2019-07-26 17:10:54.819239,2019-07-26 17:10:54.819239,1415544,ASOS DESIGN Tall top with broidery sleeve,,Model wears: UK 18/ EU 46/ US 14,Model's height: 178cm/5'10,Stretch denim,Stretch denimFor a tight cut without the restriction,"",21% Polyester  12% Viscose  1% Spandex.,12% Viscose  1% Spandex.,23.0,0.0
179,2019-07-26 17:10:54.822842,2019-07-26 17:10:54.822842,1485835,The North Face Shine On t-shirt in pink with pocket,,Model wears: UK S/ EU S/ US XS,Model's height: 178cm/5'10,"",Lightweight,"",Lightly textured  Main: 55% Viscose  24% Cotton,Main: 55% Viscose  24% Cotton  21% Linen.,35.0,0.0
180,2019-07-26 17:10:54.826731,2019-07-26 17:10:54.826731,1489304,Peek & Beau Curve Exclusive Eco scoop swimsuit with drawstring channel waist in floral,,Model wears: UK S/ EU S/ US XS,Model's height: 173cm/5'8,Broderie anglaise,Broderie anglaiseEmbroidered eyelet fabricIt's a cute all-rounder,Main: 85% Polyamide,"","",57.0,0.0
181,2019-07-26 17:10:54.830397,2019-07-26 17:10:54.830397,1466811,Pull&Bear dress with crochet detail in white,,Model wears: UK 18/ EU 46/ US 14,Model's height:  180 cm/5'11,"Hey, fancy pants",Stretch lace,"",fancy pants Gusset: 100% Cotton  Main: 85% Polyamide,Gusset: 100% Cotton  Main: 85% Polyamide  15% Spandex.,42.0,0.0
182,2019-07-26 17:10:54.833897,2019-07-26 17:10:54.833897,1476240,adidas Originals adicolor cropped hoodie in white,,Model wears: UK 8/ EU 36/ US 4,Model's height: 165cm/5'5,"",Stretch denim,Body: 100% Polyester.,Main: 98% Cotton  2% Spandex.,2% Spandex.,60.0,0.0
184,2019-07-26 17:10:54.841491,2019-07-26 17:10:54.841491,1446063,Pull&Bear slim mom stretch jeans in dark blue,,Model wears: UK 8/ EU 36/ US 4,Model's height: 180cm/5'11,Satin-style fabric,Satin-style fabricSilky and super smooth,"","","",32.0,0.0
185,2019-07-26 17:10:54.84521,2019-07-26 17:10:54.84521,1416233,Pull&Bear frille detail button front midi dress in green,,Model wears: UK 6/ EU 34/ US 2,Model's height: 164cm/5'4.5,Linen-mix jersey,Linen-mix jerseyTextured,Body: 100% Cotton.,Main: 90% Polyester  10% Linen.,10% Linen.,49.9,0.0
186,2019-07-26 17:10:54.848634,2019-07-26 17:10:54.848634,1470437,The North Face 92 Rage heavyweight long sleeve top in white,,Model wears: UK XS/ EU XS/ US XS,Model's height: 175 cm/5'9,"",Soft-touch jersey,"",in other words Body: 100% Cotton.,Body: 100% Cotton.,40.0,0.0
187,2019-07-26 17:10:54.852101,2019-07-26 17:10:54.852101,1400328,Peek & Beau Curve Exclusive Eco stripe padded bandeau bikini with dusty pink frill,,Model wears: UK 18/ EU 46/ US 14,Model's height: 170cm/5'7,Stretchy swim fabric,"",Lining: 100% Polyester,"","",42.0,0.0
188,2019-07-26 17:10:54.855817,2019-07-26 17:10:54.855817,1433690,Peek & Beau Curve Exclusive Eco scoop swimsuit with drawstring channel waist in floral,,Model wears: UK 8/ EU 36/ US 4,Model's height: 168cm/5'6,"",Lightweight woven fabric,"",Lining: 100% Polyester  Shell: 100% Polyester.,Shell: 100% Polyester.,57.0,0.0
190,2019-07-26 17:10:54.862678,2019-07-26 17:10:54.862678,1476237,ASOS DESIGN denim wrap tie front midi skirt in off white,,Model wears: UK S/ EU S/ US XS,Model's height:  170cm/5'7,Lightweight viscose,Lightweight viscoseSoft and drapey,"",Main: 100% Viscose.,"",45.0,0.0
191,2019-07-26 17:10:54.866418,2019-07-26 17:10:54.866418,1472252,Stradivarius tailored pants in yellow,,Model wears: UK 8/ EU 36/ US 4,Model's height:  170cm/5'7,"",Ribbed jersey,"",Main: 50% Polyester  46% Cotton  4% Spandex.,46% Cotton  4% Spandex.,30.0,0.0
192,2019-07-26 17:10:54.870401,2019-07-26 17:10:54.870401,1456559,ASOS DESIGN Tall top with broidery sleeve,,Model wears: UK 8/ EU 36/ US 4,Model's height: 178cm/5'10,Everyday T-shirt fabric,Everyday T-shirt fabricBasic in the best way,"",20% Viscose.,"",23.0,0.0
193,2019-07-26 17:10:54.873987,2019-07-26 17:10:54.873987,1425172,Bershka striped jumpsuit in white,,Model wears: UK 8/ EU 36/ US 4,Model's height: 178cm/5'10,"","",Main: 68% Cotton,"","",26.0,0.0
195,2019-07-26 17:10:54.881097,2019-07-26 17:10:54.881097,1400330,Peek & Beau Curve Exclusive Eco cut out swimsuit in contrast stripe,,Model wears: UK 18/ EU 46/ US 14,Model's height: 170cm/5'7,Stretchy swim fabric,Stretchy swim fabricBest paired with pools,"",23% Spandex  Main: 95% Polyester  5% Spandex.,Main: 95% Polyester  5% Spandex.,54.0,0.0
196,2019-07-26 17:10:54.884434,2019-07-26 17:10:54.884434,1416202,ASOS DESIGN spray on leather look pants,,Model wears: UK 8/ EU 36/ US 4,Model's height: 173cm/5'8,"","","","","",40.0,0.0
197,2019-07-26 17:10:54.888186,2019-07-26 17:10:54.888186,1485940,Paper Dolls Tall 2 in 1 lace jumpsuit in blue,,Model wears: UK S/ EU S/ US XS,Model's height:  170cm/5'7,"Textured, linen-mix fabric",Textured,Body: 100% Polyester.,Main: 76% Viscose  24% Linen.,24% Linen.,108.0,0.0
183,2019-07-26 17:10:54.837828,2019-09-10 22:39:55.03523,1419957,Wild Honey tie front hawaiian shirt,"Yeah, we like this one, too",Model wears: UK S/ EU S/ US XS,Model's height: 170cm/5'7,"",Lightweight woven fabric,Body: 100% Polyester.  ,"",Just here for the care instructions? We've got you covered. Machine wash according to instructions on care label.,45.0,0.0
169,2019-07-26 17:10:54.785921,2019-09-10 22:39:54.975607,1392867,Emory Park ribbed cami dress with flower straps,For your daytime thing,Model wears: UK S/ EU S/ US XS,Model's height: 170cm/5'7,"",Stretch cotton,Body: 95% Cotton  5% Spandex. ,"",Just here for the care instructions? We've got you covered. Machine wash according to instructions on care label.,29.9,0.0
189,2019-07-26 17:10:54.859503,2019-09-10 22:39:54.514692,1467051,Simply Be bandeau bikini top with removeable halterneck in black,Just add water,"","","",Stretchy swim fabric. Goes great with your vacation.,Main: 95% Polyester,"","The label may be small, but it's important. Machine wash according to instructions on care label.",45.0,0.0
175,2019-07-26 17:10:54.808754,2019-09-10 22:39:54.574745,1467051,Simply Be bandeau bikini top with removeable halterneck in black,Just add water,"","","",Stretchy swim fabric. Goes great with your vacation.,Main: 100% Viscose.,"",Just here for the care instructions? We've got you covered. Machine wash according to instructions on care label.,45.0,0.0
199,2019-07-26 17:10:54.89501,2019-07-26 17:10:54.89501,1477365,ASOS DESIGN mini slubby cami swing dress with faux wood buttons,,Model wears: UK S/ EU S/ US XS,Model's height: 175cm/5'9,"",Cotton-rich woven fabric,Body: 100% Cotton.,Main: 57% Cotton  43% Viscose.,43% Viscose.,24.0,0.0
200,2019-07-26 17:10:54.898359,2019-07-26 17:10:54.898359,1442319,ASOS DESIGN mini slubby cami swing dress with faux wood buttons,,Model wears: UK 8/ W26,Model's height:  173 cm/5'8,"",Non-stretch denim,"",structured cotton Body: 100% Cotton.,Body: 100% Cotton.,24.0,0.0
201,2019-07-26 17:10:54.90152,2019-07-26 17:10:54.90152,1485926,Wild Honey tie shoulder sun dress,,Model wears: UK S/ EU S/ US XS,Model's height: 173cm/5'8,Everyday T-shirt fabric,Everyday T-shirt fabricBasic in the best way,Body: 100% Cotton.,"","",64.0,0.0
202,2019-07-26 17:10:54.90484,2019-07-26 17:10:54.90484,1470437,The North Face 92 Rage heavyweight long sleeve top in white,,Model wears: UK XS/ EU XS/ US XS,Model's height: 175 cm/5'9,"",Soft-touch jersey,"",in other words Body: 100% Cotton.,Body: 100% Cotton.,40.0,0.0
203,2019-07-26 17:10:54.908454,2019-07-26 17:10:54.908454,1491267,The North Face 92 Rage heavyweight long sleeve top in white,,Model wears: UK S/ EU S/ US XS,Model's height: 178cm/5'10,Go-with-everything jersey,Go-with-everything jerseyIt's a soft all-rounder,Body: 95% Viscose,5% Spandex.,"",40.0,0.0
204,2019-07-26 17:10:54.911978,2019-07-26 17:10:54.911978,1433197,Stradivarius boxy denim jacket in light blue,,Model wears: UK 8/ EU 36/ US 4,Model's height:  180 cm/5'11,Lightweight viscose,Lightweight viscoseSoft and drapey,"",5% Spandex.,"",40.5,0.0
205,2019-07-26 17:10:54.915858,2019-07-26 17:10:54.915858,1400321,adidas Originals adicolor cropped hoodie in white,,Model wears: UK 18/ EU 46/ US 14,Model's height: 170cm/5'7,Stretchy swim fabric,"",Body: 95% Cotton,"","",60.0,0.0
206,2019-07-26 17:10:54.919266,2019-07-26 17:10:54.919266,1392867,Pull&Bear raw hem denim shorts two-piece in beige,,Model wears: UK S/ EU S/ US XS,Model's height: 170cm/5'7,"",Stretch cotton,"",Body: 95% Cotton  5% Spandex.,5% Spandex.,29.9,0.0
207,2019-07-26 17:10:54.922968,2019-07-26 17:10:54.922968,1489304,Peek & Beau Curve Exclusive Eco scoop swimsuit with drawstring channel waist in floral,,Model wears: UK S/ EU S/ US XS,Model's height: 173cm/5'8,Broderie anglaise,Broderie anglaiseEmbroidered eyelet fabricIt's a cute all-rounder,"","","",57.0,0.0
208,2019-07-26 17:10:54.926323,2019-07-26 17:10:54.926323,1476242,ASOS DESIGN Maternity traditional pyjama pants set with piping,,Model wears: UK 8/ EU 36/ US 4,Model's height:  173 cm/5'8,"",Stretch denim,"",Main: 98% Cotton  2% Spandex.,2% Spandex.,45.0,0.0
209,2019-07-26 17:10:54.929916,2019-07-26 17:10:54.929916,1400430,ASOS DESIGN maternity mix & match pyjama jersey pants,,Model wears: UK 18/ EU 46/ US 14,Model's height: 170cm/5'7,Stretchy swim fabric,"","","","",19.0,0.0
210,2019-07-26 17:10:54.933648,2019-07-26 17:10:54.933648,1415537,adidas Originals RYV taping cropped t-shirt in periwinkle,,Model wears: UK 18/ EU 46/ US 14,Model's height: 178cm/5'10,"",Stretch denim,"",Main: 80% Cotton  17% Viscose  3% Spandex.,17% Viscose  3% Spandex.,30.0,0.0
211,2019-07-26 17:10:54.936993,2019-07-26 17:10:54.936993,1394927,ASOS DESIGN kimono maxi dress in linear sequin,,Model wears: UK 18/ EU 46/ US 14,Model's height: 174cm/5'8.5,We partner with the Better Cotton Initiative to improve cotton farming globally,Smooth woven fabricWe partner with the Better Cotton Initiative to improve cotton farming globally This makes it better for farmers and the environment BCI provides farming-practice training It promotes things like water efficiency and reducing the most harmful chemicals,"",3% Spandex.,"",135.0,0.0
212,2019-07-26 17:10:54.940535,2019-07-26 17:10:54.940535,1467059,Wild Honey tie shoulder sun dress,,Model wears: UK 18/ EU 46/ US 14,Model's height:  175 cm/5'9,Drapey woven fabric,Drapey woven fabricThe kind that doesn't stretch,"","","",64.0,0.0
213,2019-07-26 17:10:54.944014,2019-07-26 17:10:54.944014,1485926,Wild Honey tie shoulder sun dress,,Model wears: UK S/ EU S/ US XS,Model's height: 173cm/5'8,Everyday T-shirt fabric,Everyday T-shirt fabricBasic in the best way,"","","",64.0,0.0
214,2019-07-26 17:10:54.959115,2019-07-26 17:10:54.959115,1447083,ASOS DESIGN Petite bias cut satin slip skirt in cherry print,,Model wears: UK S/ EU S/ US XS,Model's height: 173cm/5'8,Smooth woven fabric,Smooth woven fabricUses The North Face FlashDry-XD technologyMoves sweat away from the skin to help keep you dry and comfortableAbrasion and snag-resistant,Body: 100% Cotton.,"","",48.0,0.0
215,2019-07-26 17:10:54.962126,2019-07-26 17:10:54.962126,1421721,Pull&Bear broderie short sleeved top in green,,Model wears: UK S/ EU S/ US S,Model's height: 173cm/5'8,Pure cotton,Pure cottonIt's light and breathable,Body: 100% Cotton.,"","",32.0,0.0
216,2019-07-26 17:10:54.965286,2019-07-26 17:10:54.965286,1442319,ASOS DESIGN mini slubby cami swing dress with faux wood buttons,,Model wears: UK 8/ W26,Model's height:  173 cm/5'8,"",Non-stretch denim,Body: 100% Polyester.,structured cotton Body: 100% Cotton.,Body: 100% Cotton.,24.0,0.0
217,2019-07-26 17:10:54.968344,2019-07-26 17:10:54.968344,1419957,The North Face Class V Hike Short 2.0 in black,,Model wears: UK S/ EU S/ US XS,Model's height: 170cm/5'7,"",Lightweight woven fabric,"",Body: 100% Polyester.,"",45.0,0.0
219,2019-07-26 17:10:54.974659,2019-07-26 17:10:54.974659,1452985,The North Face Shine On t-shirt in pink with pocket,,Model wears: UK 8/ EU 36/ US 4,Model's height: 173cm/5'8,"Thick, scuba-style fabric",Thick,"",Main: 94% Polyester  6% Spandex.,6% Spandex.,35.0,0.0
220,2019-07-26 17:10:54.977649,2019-07-26 17:10:54.977649,1495602,Pull&Bear belted cargo utility skirt in camel,,Model wears: UK S/ EU S/ US XS,Model's height:  170cm/5'7,Lightweight woven fabric,Lightweight woven fabric Drapes softly over the body,Main: 100% Cotton.,"","",32.0,0.0
221,2019-07-26 17:10:54.980808,2019-07-26 17:10:54.980808,1495621,ASOS DESIGN going out one shoulder bodycon mini dress,,Model wears: UK 8/ EU 36/ US 4,Model's height:  170cm/5'7,Pure cotton,Pure cottonIt's light and breathable,"",Main: 100% Cotton.,"",16.0,0.0
222,2019-07-26 17:10:54.984075,2019-07-26 17:10:54.984075,1446063,Pull&Bear slim mom stretch jeans in dark blue,,Model wears: UK 8/ EU 36/ US 4,Model's height: 180cm/5'11,Satin-style fabric,Satin-style fabricSilky and super smooth,"","","",32.0,0.0
223,2019-07-26 17:10:54.98769,2019-07-26 17:10:54.98769,1481044,ASOS DESIGN Tall one shoulder peplum top in snake print,,Model wears: UK S/ EU S/ US XS,Model's height: 173cm/5'8,"",Cotton-rich woven fabric,"",Main: 57% Cotton  43% Viscose.,43% Viscose.,35.0,0.0
224,2019-07-26 17:10:54.990822,2019-07-26 17:10:54.990822,1454296,Simply Be lace Brazilian brief with blush underlay in black,,Model wears: UK 8/ EU 36/ US 4,Model's height:  173 cm/5'8,We partner with the Better Cotton Initiative to improve cotton farming globally,Non-stretch denim,"",Main: 100% Cotton.,"",23.0,0.0
225,2019-07-26 17:10:54.993886,2019-09-10 22:39:54.767531,1447066,The North Face Shine On t-shirt in pink with pocket,For your daytime thing,Model wears: UK S/ EU S/ US XS,Model's height: 173cm/5'8,"",Go-with-everything jersey. We partner with the Better Cotton Initiative to improve cotton farming globally. This makes it better for farmers and the environment. BCI provides farming-practice training. It promotes things like water efficiency and reducing the most harmful chemicals.,Main: 95% Polyester,"","Just here for the care instructions? Yeah, we thought so. Machine wash according to instructions on care label.",32.0,0.0
226,2019-07-26 17:10:54.997084,2019-07-26 17:10:54.997084,1455747,Stradivarius palazzo pant in yellow,,Model wears: UK 8/ EU 36/ US 4,Model's height: 174cm/5'8.5,"",Lightweight woven fabric,Main: 85% Polyamide,Main: 100% Viscose.,"",30.0,0.0
227,2019-07-26 17:10:55.000205,2019-07-26 17:10:55.000205,1456386,Wild Honey tie shoulder sun dress,,Model wears: UK S/ EU S/ US XS,Model's height: 171cm/5'7.5,"",Stretchy swim fabric,Main: 85% Polyamide,Lining: 92% Polyester  8% Spandex  Main: 85% Polyamide,8% Spandex  Main: 85% Polyamide  15% Spandex.,64.0,0.0
228,2019-07-26 17:10:55.003473,2019-07-26 17:10:55.003473,1456386,Wild Honey tie shoulder sun dress,,Model wears: UK S/ EU S/ US XS,Model's height: 171cm/5'7.5,"",Stretchy swim fabric,Body: 100% Polyester.,Lining: 92% Polyester  8% Spandex  Main: 85% Polyamide,8% Spandex  Main: 85% Polyamide  15% Spandex.,64.0,0.0
230,2019-07-26 17:10:55.0097,2019-07-26 17:10:55.0097,1476237,ASOS DESIGN denim wrap tie front midi skirt in off white,,Model wears: UK S/ EU S/ US XS,Model's height:  170cm/5'7,Lightweight viscose,Lightweight viscoseSoft and drapey,"",Main: 100% Viscose.,"",45.0,0.0
231,2019-07-26 17:10:55.013009,2019-07-26 17:10:55.013009,1454296,Simply Be lace Brazilian brief with blush underlay in black,,Model wears: UK 8/ EU 36/ US 4,Model's height:  173 cm/5'8,We partner with the Better Cotton Initiative to improve cotton farming globally,Non-stretch denim,"",Main: 100% Cotton.,"",23.0,0.0
232,2019-07-26 17:10:55.016027,2019-07-26 17:10:55.016027,1485938,Simply Be lace Brazilian brief with blush underlay in black,,Model wears: UK S/ EU S/ US XS,Model's height:  170cm/5'7,"Textured, linen-mix fabric",Textured,"",Main: 76% Viscose  24% Linen.,24% Linen.,23.0,0.0
233,2019-07-26 17:10:55.019391,2019-07-26 17:10:55.019391,1416202,ASOS DESIGN spray on leather look pants,,Model wears: UK 8/ EU 36/ US 4,Model's height: 173cm/5'8,"","","","","",40.0,0.0
235,2019-07-26 17:10:55.025595,2019-07-26 17:10:55.025595,1495602,Pull&Bear belted cargo utility skirt in camel,,Model wears: UK S/ EU S/ US XS,Model's height:  170cm/5'7,Lightweight woven fabric,Lightweight woven fabric Drapes softly over the body,Body: 100% Polyester.,"","",32.0,0.0
237,2019-07-26 17:10:55.032191,2019-07-26 17:10:55.032191,1467182,adidas Originals adicolor cropped hoodie in white,,Model wears: UK 18/ EU 46/ US 14,Model's height: 178cm/5'10,Soft jersey,Soft jerseyJust like that T-shirt you've got,Main: 68% Cotton,3% Spandex.,"",60.0,0.0
239,2019-07-26 17:10:55.038536,2019-07-26 17:10:55.038536,1415537,adidas Originals RYV taping cropped t-shirt in periwinkle,,Model wears: UK 18/ EU 46/ US 14,Model's height: 178cm/5'10,"",Stretch denim,Body: 95% Viscose,Main: 80% Cotton  17% Viscose  3% Spandex.,17% Viscose  3% Spandex.,30.0,0.0
240,2019-07-26 17:10:55.041623,2019-07-26 17:10:55.041623,1433197,Stradivarius boxy denim jacket in light blue,,Model wears: UK 8/ EU 36/ US 4,Model's height:  180 cm/5'11,Lightweight viscose,Lightweight viscoseSoft and drapey,"",5% Spandex.,"",40.5,0.0
241,2019-07-26 17:10:55.04528,2019-07-26 17:10:55.04528,1416233,Pull&Bear frille detail button front midi dress in green,,Model wears: UK 6/ EU 34/ US 2,Model's height: 164cm/5'4.5,Linen-mix jersey,Linen-mix jerseyTextured,Main: 100% Cotton.,Main: 90% Polyester  10% Linen.,10% Linen.,49.9,0.0
242,2019-07-26 17:10:55.048446,2019-07-26 17:10:55.048446,1495621,ASOS DESIGN going out one shoulder bodycon mini dress,,Model wears: UK 8/ EU 36/ US 4,Model's height:  170cm/5'7,Pure cotton,Pure cottonIt's light and breathable,"",Main: 100% Cotton.,"",16.0,0.0
243,2019-07-26 17:10:55.051896,2019-07-26 17:10:55.051896,1436503,ASOS DESIGN Curve chino jogger,,Model wears: UK 8/ EU 36/ US 4,Model's height:  174 cm/5'8.5,Soft jersey,Soft jerseyWe partner with the Better Cotton Initiative to improve cotton farming globally This makes it better for farmers and the environment BCI provides farming-practice training It promotes things like water efficiency and reducing the most harmful chemicals,"","","",35.0,0.0
244,2019-07-26 17:10:55.054932,2019-07-26 17:10:55.054932,1416202,ASOS DESIGN spray on leather look pants,,Model wears: UK 8/ EU 36/ US 4,Model's height: 173cm/5'8,"","",Body: 95% Cotton,"","",40.0,0.0
245,2019-07-26 17:10:55.057948,2019-07-26 17:10:55.057948,1392867,Pull&Bear raw hem denim shorts two-piece in beige,,Model wears: UK S/ EU S/ US XS,Model's height: 170cm/5'7,"",Stretch cotton,"",Body: 95% Cotton  5% Spandex.,5% Spandex.,29.9,0.0
246,2019-07-26 17:10:55.061357,2019-07-26 17:10:55.061357,1416201,Simply Be longline denim shorts with distressing in stonewash,,Model wears: UK 8/ EU 36/ US 4,Model's height: 173cm/5'8,"",Lightweight,"",Keeps you cool without having to whack up the AC  Main: 90% Polyester  10% Linen.,Main: 90% Polyester  10% Linen.,42.0,0.0
247,2019-07-26 17:10:55.064441,2019-07-26 17:10:55.064441,1446063,Pull&Bear slim mom stretch jeans in dark blue,,Model wears: UK 8/ EU 36/ US 4,Model's height: 180cm/5'11,Satin-style fabric,Satin-style fabricSilky and super smooth,"","","",32.0,0.0
248,2019-07-26 17:10:55.06763,2019-07-26 17:10:55.06763,1495589,ASOS DESIGN crop tank in linen mix in black,,Model wears: UK 8/ EU 36/ US 4,Model's height:  170cm/5'7,Non-stretch denim,Non-stretch denimThick,"",Main: 100% Cotton.,"",13.0,0.0
249,2019-07-26 17:10:55.071203,2019-07-26 17:10:55.071203,1400317,Pull&Bear graphic motif t shirt in white,,Model wears: UK 18/ EU 46/ US 14,Model's height: 170cm/5'7,Stretchy swim fabric,"",Body: 100% Cotton,"","",19.0,0.0
251,2019-07-26 17:10:55.077604,2019-07-26 17:10:55.077604,1494625,Pull&Bear pacific wrap top in yellow polka dot print,,Model wears: UK 8/ EU 36/ US 4,Model's height: 168cm/5'6,Non-stretch denim,Non-stretch denimThick,"",Main: 100% Cotton.,"",28.0,0.0
252,2019-07-26 17:10:55.081106,2019-07-26 17:10:55.081106,1489286,Simply Be bandeau bikini top with removeable halterneck in black,,Model wears: UK S/ EU S/ US S,Model's height:  170cm/5'7,Soft twill,Soft twillRibbed,Main: 93% Polyester,Main: 100% Cotton.,"",26.0,0.0
253,2019-07-26 17:10:55.08428,2019-07-26 17:10:55.08428,1495573,ASOS DESIGN maternity mix & match pyjama jersey pants,,Model wears: UK S/ EU S/ US XS,Model's height: 171cm/5'7.5,Stretchy swim fabric,Stretchy swim fabricGoes great with your vacation,"",10% Spandex  Main: 93% Polyester  7% Spandex.,Main: 93% Polyester  7% Spandex.,19.0,0.0
250,2019-07-26 17:10:55.074262,2019-09-10 22:39:54.946733,1455817,Rahi Solstice Palisades dress,For that vacation you haven't booked yet,Model wears: UK S/ EU S/ US XS,Model's height: 178cm/5'10,"",Slightly sheer cotton,Body: 91% Viscose,"","Just here for the care instructions? Yeah, we thought so. Machine wash according to instructions on care label.",57.0,0.0
236,2019-07-26 17:10:55.029026,2019-09-10 22:39:54.811022,1419960,Wild Honey cami dress with bunny ties in ditsy print,Break out the blooms,Model wears: UK S/ EU S/ US XS,Model's height: 170cm/5'7,"",Lightweight woven fabric,Body: 100% Polyester.  ,"","Just here for the care instructions? Yeah, we thought so. Machine wash according to instructions on care label.",30.0,0.0
229,2019-07-26 17:10:55.006663,2019-09-10 22:39:55.002584,1419960,Wild Honey cami dress with bunny ties in ditsy print,Break out the blooms,Model wears: UK S/ EU S/ US XS,Model's height: 170cm/5'7,"",Lightweight woven fabric,Body: 100% Polyester.  ,"",Clothes have needs too y'know. Hand wash only.,30.0,0.0
254,2019-07-26 17:10:55.087629,2019-07-26 17:10:55.087629,1472252,Stradivarius tailored pants in yellow,,Model wears: UK 8/ EU 36/ US 4,Model's height:  170cm/5'7,"",Ribbed jersey,Body: 100% Cotton,Main: 50% Polyester  46% Cotton  4% Spandex.,46% Cotton  4% Spandex.,30.0,0.0
255,2019-07-26 17:10:55.090915,2019-07-26 17:10:55.090915,1455817,Peek & Beau Curve Exclusive Eco scoop swimsuit with drawstring channel waist in floral,,Model wears: UK S/ EU S/ US XS,Model's height: 178cm/5'10,"",Slightly sheer cotton,Body: 91% Viscose,Opaque lining Body: 100% Cotton  Body Lining: 100% Cotton.,Body: 100% Cotton  Body Lining: 100% Cotton.,57.0,0.0
256,2019-07-26 17:10:55.094147,2019-07-26 17:10:55.094147,1443662,Simply Be bandeau bikini top with removeable halterneck in black,,Model wears: UK 18/ EU 46/ US 14,Model's height: 174cm/5'8.5,"Textured, linen-mix fabric",Textured,Main: 68% Cotton,Body: 91% Viscose  9% Linen.,9% Linen.,26.0,0.0
258,2019-07-26 17:10:55.100382,2019-07-26 17:10:55.100382,1477427,Stradivarius boxy denim jacket in light blue,,Model wears: UK S/ EU S/ US S,Model's height: 174cm/5'8.5,"",Soft woven fabric,"",Main: 100% Polyester.,"",40.5,0.0
259,2019-07-26 17:10:55.103706,2019-07-26 17:10:55.103706,1455749,ASOS DESIGN Petite crop tank in linen mix in black,,Model wears: UK S/ EU S/ US XS,Model's height: 173cm/5'8,"",Lightweight woven fabric,"",Main: 100% Viscose.,"",13.0,0.0
260,2019-07-26 17:10:55.106743,2019-07-26 17:10:55.106743,1456559,ASOS DESIGN Tall top with broidery sleeve,,Model wears: UK 8/ EU 36/ US 4,Model's height: 178cm/5'10,Everyday T-shirt fabric,Everyday T-shirt fabricBasic in the best way,"",20% Viscose.,"",23.0,0.0
261,2019-07-26 17:10:55.11002,2019-07-26 17:10:55.11002,1481044,ASOS DESIGN Tall one shoulder peplum top in snake print,,Model wears: UK S/ EU S/ US XS,Model's height: 173cm/5'8,"",Cotton-rich woven fabric,Body: 95% Cotton,Main: 57% Cotton  43% Viscose.,43% Viscose.,35.0,0.0
262,2019-07-26 17:10:55.11339,2019-07-26 17:10:55.11339,1392867,Pull&Bear raw hem denim shorts two-piece in beige,,Model wears: UK S/ EU S/ US XS,Model's height: 170cm/5'7,"",Stretch cotton,"",Body: 95% Cotton  5% Spandex.,5% Spandex.,29.9,0.0
263,2019-07-26 17:10:55.116511,2019-07-26 17:10:55.116511,1436503,ASOS DESIGN Curve chino jogger,,Model wears: UK 8/ EU 36/ US 4,Model's height:  174 cm/5'8.5,Soft jersey,Soft jerseyWe partner with the Better Cotton Initiative to improve cotton farming globally This makes it better for farmers and the environment BCI provides farming-practice training It promotes things like water efficiency and reducing the most harmful chemicals,Main: 85% Polyamide,"","",35.0,0.0
264,2019-07-26 17:10:55.119555,2019-07-26 17:10:55.119555,1466811,Pull&Bear dress with crochet detail in white,,Model wears: UK 18/ EU 46/ US 14,Model's height:  180 cm/5'11,"Hey, fancy pants",Stretch lace,"",fancy pants Gusset: 100% Cotton  Main: 85% Polyamide,Gusset: 100% Cotton  Main: 85% Polyamide  15% Spandex.,42.0,0.0
265,2019-07-26 17:10:55.122598,2019-07-26 17:10:55.122598,1447083,ASOS DESIGN Petite bias cut satin slip skirt in cherry print,,Model wears: UK S/ EU S/ US XS,Model's height: 173cm/5'8,Smooth woven fabric,Smooth woven fabricUses The North Face FlashDry-XD technologyMoves sweat away from the skin to help keep you dry and comfortableAbrasion and snag-resistant,Body: 100% Polyester,"","",48.0,0.0
266,2019-07-26 17:10:55.125955,2019-07-26 17:10:55.125955,1472487,Peek & Beau Curve Exclusive Eco high waist bikini bottom in floral,,Model wears: UK 8/ EU 36/ US 4,Model's height: 175cm/5'9,"",Soft faux leather,Main: 85% Polyamide,no one can tell the difference Body: 100% Polyester  Coating: 100% Polyurethane.,Body: 100% Polyester  Coating: 100% Polyurethane.,26.0,0.0
267,2019-07-26 17:10:55.129014,2019-07-26 17:10:55.129014,1456386,Wild Honey tie shoulder sun dress,,Model wears: UK S/ EU S/ US XS,Model's height: 171cm/5'7.5,"",Stretchy swim fabric,Body: 100% Polyester.,Lining: 92% Polyester  8% Spandex  Main: 85% Polyamide,8% Spandex  Main: 85% Polyamide  15% Spandex.,64.0,0.0
268,2019-07-26 17:10:55.132186,2019-07-26 17:10:55.132186,1419960,Stradivarius tie waist linen striped pants in pink,,Model wears: UK S/ EU S/ US XS,Model's height: 170cm/5'7,"",Lightweight woven fabric,"",floaty Body: 100% Polyester.,Body: 100% Polyester.,30.0,0.0
269,2019-07-26 17:10:55.135358,2019-07-26 17:10:55.135358,1485938,Simply Be lace Brazilian brief with blush underlay in black,,Model wears: UK S/ EU S/ US XS,Model's height:  170cm/5'7,"Textured, linen-mix fabric",Textured,Body: 91% Viscose,Main: 76% Viscose  24% Linen.,24% Linen.,23.0,0.0
270,2019-07-26 17:10:55.138489,2019-07-26 17:10:55.138489,1443662,Simply Be bandeau bikini top with removeable halterneck in black,,Model wears: UK 18/ EU 46/ US 14,Model's height: 174cm/5'8.5,"Textured, linen-mix fabric",Textured,"",Body: 91% Viscose  9% Linen.,9% Linen.,26.0,0.0
271,2019-07-26 17:10:55.141754,2019-07-26 17:10:55.141754,1415544,ASOS DESIGN Tall top with broidery sleeve,,Model wears: UK 18/ EU 46/ US 14,Model's height: 178cm/5'10,Stretch denim,Stretch denimFor a tight cut without the restriction,"",21% Polyester  12% Viscose  1% Spandex.,12% Viscose  1% Spandex.,23.0,0.0
272,2019-07-26 17:10:55.144886,2019-07-26 17:10:55.144886,1432684,Pull&Bear elasticated waist mom jean in blue,,Model wears: UK 6/ EU 34/ US 2,Model's height:  158 cm/5'2,"",Smooth woven fabric,"",Main: 100% Polyester.,"",39.9,0.0
273,2019-07-26 17:10:55.148091,2019-07-26 17:10:55.148091,1465286,Pull&Bear linen ruffle edge two-piece top in beige,,Model wears: UK 8/ EU 36/ US 4,Model's height: 176cm/5'9.5,"",Super-stretch fabric,"",Fabric: 96% Viscose  4% Spandex.,4% Spandex.,21.0,0.0
274,2019-07-26 17:10:55.151239,2019-07-26 17:10:55.151239,1474640,Pull&bear mixed print shorts in multi,,Model wears: UK S/ EU S/ US XS,Model's height:  170cm/5'7,Non-stretch denim,Non-stretch denimThick,"",Main: 100% Cotton.,"",29.9,0.0
275,2019-07-26 17:10:55.154396,2019-07-26 17:10:55.154396,1467059,Wild Honey tie shoulder sun dress,,Model wears: UK 18/ EU 46/ US 14,Model's height:  175 cm/5'9,Drapey woven fabric,Drapey woven fabricThe kind that doesn't stretch,Body: 100% Polyester.,"","",64.0,0.0
276,2019-07-26 17:10:55.157616,2019-07-26 17:10:55.157616,1419957,The North Face Class V Hike Short 2.0 in black,,Model wears: UK S/ EU S/ US XS,Model's height: 170cm/5'7,"",Lightweight woven fabric,"",Body: 100% Polyester.,"",45.0,0.0
277,2019-07-26 17:10:55.160622,2019-07-26 17:10:55.160622,1489286,Simply Be bandeau bikini top with removeable halterneck in black,,Model wears: UK S/ EU S/ US S,Model's height:  170cm/5'7,Soft twill,Soft twillRibbed,"",Main: 100% Cotton.,"",26.0,0.0
278,2019-07-26 17:10:55.163842,2019-07-26 17:10:55.163842,1467182,adidas Originals adicolor cropped hoodie in white,,Model wears: UK 18/ EU 46/ US 14,Model's height: 178cm/5'10,Soft jersey,Soft jerseyJust like that T-shirt you've got,"",3% Spandex.,"",60.0,0.0
279,2019-07-26 17:10:55.166837,2019-07-26 17:10:55.166837,1456546,ASOS DESIGN Tall top with broidery sleeve,,Model wears: UK 8/ EU 36/ US 4,Model's height: 180cm/5'11,Go-with-everything jersey,Go-with-everything jerseyIt's a soft all-rounder,"",3% Spandex.,"",23.0,0.0
280,2019-07-26 17:10:55.16998,2019-07-26 17:10:55.16998,1455747,Stradivarius palazzo pant in yellow,,Model wears: UK 8/ EU 36/ US 4,Model's height: 174cm/5'8.5,"",Lightweight woven fabric,"",Main: 100% Viscose.,"",30.0,0.0
281,2019-07-26 17:10:55.17337,2019-07-26 17:10:55.17337,1485835,The North Face Shine On t-shirt in pink with pocket,,Model wears: UK S/ EU S/ US XS,Model's height: 178cm/5'10,"",Lightweight,Body: 95% Viscose,Lightly textured  Main: 55% Viscose  24% Cotton,Main: 55% Viscose  24% Cotton  21% Linen.,35.0,0.0
282,2019-07-26 17:10:55.176534,2019-07-26 17:10:55.176534,1433197,Stradivarius boxy denim jacket in light blue,,Model wears: UK 8/ EU 36/ US 4,Model's height:  180 cm/5'11,Lightweight viscose,Lightweight viscoseSoft and drapey,Lining: 100% Polyester,5% Spandex.,"",40.5,0.0
283,2019-07-26 17:10:55.179746,2019-07-26 17:10:55.179746,1433690,Peek & Beau Curve Exclusive Eco scoop swimsuit with drawstring channel waist in floral,,Model wears: UK 8/ EU 36/ US 4,Model's height: 168cm/5'6,"",Lightweight woven fabric,Main: 68% Cotton,Lining: 100% Polyester  Shell: 100% Polyester.,Shell: 100% Polyester.,57.0,0.0
285,2019-07-26 17:10:55.186077,2019-07-26 17:10:55.186077,1463827,ASOS DESIGN color block pleated midi skirt in scuba,,Model wears: UK 8/ EU 36/ US 4,Model's height: 180cm/5'11,Soft jersey,Soft jerseyWe partner with the Better Cotton Initiative to improve cotton farming globally This makes it better for farmers and the environment BCI provides farming-practice training It promotes things like water efficiency and reducing the most harmful chemicals,"",Lace Trim: 100% Cotton,"",67.0,0.0
286,2019-07-26 17:10:55.189364,2019-07-26 17:10:55.189364,1455747,Stradivarius palazzo pant in yellow,,Model wears: UK 8/ EU 36/ US 4,Model's height: 174cm/5'8.5,"",Lightweight woven fabric,"",Main: 100% Viscose.,"",30.0,0.0
1,2019-07-26 17:10:54.111126,2019-07-26 17:10:56.672048,1455817,Peek & Beau Curve Exclusive Eco scoop swimsuit with drawstring channel waist in floral,,Model wears: UK S/ EU S/ US XS,Model's height: 178cm/5'10,"",Slightly sheer cotton,"",See below for full care instructions,"Unless you're about that multicoloured life
Dry clean only",57.0,0.0
4,2019-07-26 17:10:54.170177,2019-07-26 17:10:58.434052,1447066,Pull&Bear v neck mini dress in peach,,Model wears: UK S/ EU S/ US XS,Model's height: 173cm/5'8,Go-with-everything jersey,Go-with-everything jerseyWe partner with the Better Cotton Initiative to improve cotton farming globally This makes it better for farmers and the environment BCI provides farming-practice training It promotes things like water efficiency and reducing the most harmful chemicals,"","","",32.0,0.0
45,2019-07-26 17:10:54.366491,2019-07-26 17:11:05.400077,1467051,ASOS DESIGN denim wrap tie front midi skirt in off white,,"","",Stretchy swim fabric,Stretchy swim fabricGoes great with your vacation,"",15% Spandex.,"",45.0,0.0
29,2019-07-26 17:10:54.316777,2019-07-26 17:11:10.737846,1466811,Pull&Bear dress with crochet detail in white,,Model wears: UK 18/ EU 46/ US 14,Model's height:  180 cm/5'11,"Hey, fancy pants",Stretch lace,Main: 100% Viscose.,fancy pants Gusset: 100% Cotton  Main: 85% Polyamide,Gusset: 100% Cotton  Main: 85% Polyamide  15% Spandex.,42.0,0.0
86,2019-07-26 17:10:54.497244,2019-07-26 17:11:39.840457,1455817,Peek & Beau Curve Exclusive Eco scoop swimsuit with drawstring channel waist in floral,,Model wears: UK S/ EU S/ US XS,Model's height: 178cm/5'10,"",Slightly sheer cotton,"",Opaque lining Body: 100% Cotton  Body Lining: 100% Cotton.,Body: 100% Cotton  Body Lining: 100% Cotton.,57.0,0.0
112,2019-07-26 17:10:54.590973,2019-07-26 17:11:51.518481,1419957,The North Face Class V Hike Short 2.0 in black,,Model wears: UK S/ EU S/ US XS,Model's height: 170cm/5'7,"",Lightweight woven fabric,"",Body: 100% Polyester.,"",45.0,0.0
129,2019-07-26 17:10:54.648276,2019-07-26 17:11:59.320561,1447054,Pull&Bear Pacific crinkle swimsuit in orange,,Model wears: UK S/ EU S/ US XS,Model's height: 173cm/5'8,Soft sweatshirt fabric,Soft sweatshirt fabricWe partner with the Better Cotton Initiative to improve cotton farming globally This makes it better for farmers and the environment BCI provides farming-practice training It promotes things like water efficiency and reducing the most harmful chemicals,"",50% Polyester.,"",29.9,0.0
78,2019-07-26 17:10:54.471725,2019-09-10 22:39:54.026156,1447051,The North Face 92 Rage heavyweight long sleeve top in white,For your daytime thing,Model wears: UK S/ EU S/ US XS,Model's height: 173cm/5'8,"",Soft jersey. We partner with the Better Cotton Initiative to improve cotton farming globally. This makes it better for farmers and the environment. BCI provides farming-practice training. It promotes things like water efficiency and reducing the most harmful chemicals.,Main: 95% Polyester,"","Just here for the care instructions? Yeah, we thought so. Machine wash according to instructions on care label.",28.0,0.0
141,2019-07-26 17:10:54.687826,2019-09-10 22:39:54.372912,1447051,The North Face 92 Rage heavyweight long sleeve top in white,For your daytime thing,Model wears: UK S/ EU S/ US XS,Model's height: 173cm/5'8,"",Soft jersey. We partner with the Better Cotton Initiative to improve cotton farming globally. This makes it better for farmers and the environment. BCI provides farming-practice training. It promotes things like water efficiency and reducing the most harmful chemicals.,Main: 95% Polyester,"",Just here for the care instructions? We've got you covered. Machine wash according to instructions on care label.,28.0,0.0
218,2019-07-26 17:10:54.971581,2019-09-10 22:39:54.699312,1447051,The North Face 92 Rage heavyweight long sleeve top in white,For your daytime thing,Model wears: UK S/ EU S/ US XS,Model's height: 173cm/5'8,"",Soft jersey. We partner with the Better Cotton Initiative to improve cotton farming globally. This makes it better for farmers and the environment. BCI provides farming-practice training. It promotes things like water efficiency and reducing the most harmful chemicals.,Main: 95% Polyester,"",Avoid post-wash regrets. Always check the label.,28.0,0.0
89,2019-07-26 17:10:54.507107,2019-09-10 22:39:54.801983,1447054,The North Face Red Box hoodie in gray/pink,Throw on and go,Model wears: UK S/ EU S/ US XS,Model's height: 173cm/5'8,"",Soft sweatshirt fabric. We partner with the Better Cotton Initiative to improve cotton farming globally. This makes it better for farmers and the environment. BCI provides farming-practice training. It promotes things like water efficiency and reducing the most harmful chemicals.,Main: 95% Polyester,"","Just here for the care instructions? Yeah, we thought so. Machine wash according to instructions on care label.",29.9,0.0
238,2019-07-26 17:10:55.035428,2019-09-10 22:39:54.819357,1427302,ASOS DESIGN cami midi prom dress in palm broderie with contrast stitching,For that thing you have to go to,Model wears: UK 8/ EU 36/ US 4,Model's height:  174 cm/5'8.5,"",Broderie anglaise. Embroidered eyelet fabric. It's a cute all-rounder.,Main: 68% Cotton  32% Polyester. ,"","Just here for the care instructions? Yeah, we thought so. Machine wash according to instructions on care label.",35.0,0.0
257,2019-07-26 17:10:55.097209,2019-09-10 22:39:54.955158,1427302,ASOS DESIGN cami midi prom dress in palm broderie with contrast stitching,For that thing you have to go to,Model wears: UK 8/ EU 36/ US 4,Model's height:  174 cm/5'8.5,"",Broderie anglaise. Embroidered eyelet fabric. It's a cute all-rounder.,Main: 68% Cotton  32% Polyester. ,"","The label may be small, but it's important. Hand wash only.",35.0,0.0
194,2019-07-26 17:10:54.877404,2019-09-10 22:39:55.069068,1427302,ASOS DESIGN cami midi prom dress in palm broderie with contrast stitching,For that thing you have to go to,Model wears: UK 8/ EU 36/ US 4,Model's height:  174 cm/5'8.5,"",Broderie anglaise. Embroidered eyelet fabric. It's a cute all-rounder.,Main: 68% Cotton  32% Polyester. ,"",Clothes have needs too y'know. Machine wash according to instructions on care label.,35.0,0.0
284,2019-07-26 17:10:55.182886,2019-07-26 17:13:10.636505,1427302,Peek & Beau Curve Exclusive rib triangle bikini top in yellow,,Model wears: UK 8/ EU 36/ US 4,Model's height:  174 cm/5'8.5,Broderie anglaise,Broderie anglaiseEmbroidered eyelet fabricIt's a cute all-rounder,"",9% Cotton  Main: 68% Cotton  32% Polyester.,Main: 68% Cotton  32% Polyester.,35.0,0.0
11,2019-07-26 17:10:54.210023,2019-09-10 22:39:53.546816,1447066,The North Face Shine On t-shirt in pink with pocket,For your daytime thing,Model wears: UK S/ EU S/ US XS,Model's height: 173cm/5'8,"",Go-with-everything jersey. We partner with the Better Cotton Initiative to improve cotton farming globally. This makes it better for farmers and the environment. BCI provides farming-practice training. It promotes things like water efficiency and reducing the most harmful chemicals.,Main: 95% Polyester,"","The label may be small, but it's important. Machine wash according to instructions on care label.",32.0,0.0
12,2019-07-26 17:10:54.213338,2019-09-10 22:39:53.666169,1394927,ASOS DESIGN Curve chino jogger,Throw on and go,Model wears: UK 18/ EU 46/ US 14,Model's height: 174cm/5'8.5,"",Smooth woven fabric. Go-with-everything jersey. We partner with the Better Cotton Initiative to improve cotton farming globally. This makes it better for farmers and the environment. BCI provides farming-practice training. It promotes things like water efficiency and reducing the most harmful chemicals.,Lining: 100% Polyester,"","The label may be small, but it's important. Machine wash according to instructions on care label.",135.0,0.0
23,2019-07-26 17:10:54.291736,2019-09-10 22:39:53.750425,1494625,Pull&Bear elasticated waist mom jean in blue,"Buy them now, wear them forever",Model wears: UK 8/ EU 36/ US 4,Model's height: 168cm/5'6,"",Non-stretch denim. Thick.,Main: 100% Cotton.  ,"","Just here for the care instructions? Yeah, we thought so. Machine wash according to instructions on care label.",28.0,0.0
36,2019-07-26 17:10:54.338825,2019-09-10 22:39:53.834643,1400321,Peek & Beau Curve Exclusive Eco sleeve bikini top in floral,Just add water,Model wears: UK 18/ EU 46/ US 14,Model's height: 170cm/5'7,"",Stretchy swim fabric,Body: 100% Cotton.,"",Just here for the care instructions? We've got you covered. Machine wash according to instructions on care label.,60.0,0.0
7,2019-07-26 17:10:54.186818,2019-09-10 22:39:53.839173,1456736,adidas Originals adicolor cropped hoodie in white,A wardrobe staple,Model wears: UK 8/ EU 36/ US 4,Model's height:  175 cm/5'9,"",Soft-touch sweatshirt fabric. Style and comfort – it's a lifestyle.,Main: 95% Polyester,"",Avoid post-wash regrets. Always check the label.,35.0,0.0
37,2019-07-26 17:10:54.341868,2019-09-10 22:39:53.857279,1472298,Bershka striped jumpsuit in white,Daytime dressing made easy,Model wears: UK S/ EU S/ US XS,Model's height:  170cm/5'7,"",Stretch viscose,Main: 96% Viscose  4% Spandex. ,"",Just here for the care instructions? We've got you covered. Machine wash according to instructions on care label.,32.0,0.0
43,2019-07-26 17:10:54.360347,2019-09-10 22:39:53.882744,1495602,Pull&bear mixed print shorts in multi,Floral design,Model wears: UK S/ EU S/ US XS,Model's height:  170cm/5'7,"",Lightweight woven fabric. Drapes softly over the body.,Main: 95% Polyester,"","The label may be small, but it's important. Machine wash according to instructions on care label.",32.0,0.0
49,2019-07-26 17:10:54.378867,2019-09-10 22:39:53.909898,1416201,ASOS DESIGN crop tank in linen mix in black,Basic in the best way,Model wears: UK 8/ EU 36/ US 4,Model's height: 173cm/5'8,"",Lightweight,Main: 90% Polyester  10% Linen.,"","Check the label before you wash it. Fresh looks are for life, not just one wash.",42.0,0.0
17,2019-07-26 17:10:54.229608,2019-09-10 22:39:53.918827,1463827,ASOS DESIGN Tall top with broidery sleeve,For your daytime thing,Model wears: UK 8/ EU 36/ US 4,Model's height: 180cm/5'11,"",Soft jersey. Go-with-everything jersey. We partner with the Better Cotton Initiative to improve cotton farming globally. This makes it better for farmers and the environment. BCI provides farming-practice training. It promotes things like water efficiency and reducing the most harmful chemicals., Lace Trim: 100% Cotton  ,"","Just here for the care instructions? Yeah, we thought so. Machine wash according to instructions on care label.",67.0,0.0
55,2019-07-26 17:10:54.398257,2019-09-10 22:39:53.933281,1491267,Stradivarius asymmetric sleeveless top in white,Add-to-bag potential: considerable,Model wears: UK S/ EU S/ US XS,Model's height: 178cm/5'10,"",Go-with-everything jersey. It's a soft all-rounder.,Main: 95% Cotton.  5% Spandex.  ,"",Clothes have needs too y'know. Machine wash according to instructions on care label.,40.0,0.0
56,2019-07-26 17:10:54.401318,2019-09-10 22:39:53.937938,1447051,The North Face 92 Rage heavyweight long sleeve top in white,For your daytime thing,Model wears: UK S/ EU S/ US XS,Model's height: 173cm/5'8,"",Soft jersey. Go-with-everything jersey. We partner with the Better Cotton Initiative to improve cotton farming globally. This makes it better for farmers and the environment. BCI provides farming-practice training. It promotes things like water efficiency and reducing the most harmful chemicals.,Main: 95% Polyester,"","Just here for the care instructions? Yeah, we thought so. Machine wash according to instructions on care label.",28.0,0.0
69,2019-07-26 17:10:54.443051,2019-09-10 22:39:53.9869,1436503,ASOS DESIGN maternity mix & match pyjama jersey pants,You're invited to this PJ party,Model wears: UK 8/ EU 36/ US 4,Model's height:  174 cm/5'8.5,"",Soft jersey. We partner with the Better Cotton Initiative to improve cotton farming globally. This makes it better for farmers and the environment. BCI provides farming-practice training. It promotes things like water efficiency and reducing the most harmful chemicals.,Main: 95% Polyester,"","Just here for the care instructions? Yeah, we thought so. Machine wash according to instructions on care label.",35.0,0.0
79,2019-07-26 17:10:54.474987,2019-09-10 22:39:54.030596,1491267,Stradivarius asymmetric sleeveless top in white,Add-to-bag potential: considerable,Model wears: UK S/ EU S/ US XS,Model's height: 178cm/5'10,"",Go-with-everything jersey. It's a soft all-rounder.,Main: 95% Polyester  5% Spandex. ,"",Clothes have needs too y'know. Machine wash according to instructions on care label.,40.0,0.0
104,2019-07-26 17:10:54.564043,2019-09-10 22:39:54.21173,1472298,Bershka striped jumpsuit in white,Daytime dressing made easy,Model wears: UK S/ EU S/ US XS,Model's height:  170cm/5'7,"",Stretch viscose,Main: 96% Viscose  4% Spandex. ,"",Just here for the care instructions? We've got you covered. Machine wash according to instructions on care label.,32.0,0.0
109,2019-07-26 17:10:54.581093,2019-09-10 22:39:54.233105,1476242,Pull&Bear comfort stretch mom jean in black,Just like your mum's in the 80s,Model wears: UK 8/ EU 36/ US 4,Model's height:  173 cm/5'8,"",Stretch denim,Main: 98% Cotton 2% Spandex. ,"","The label may be small, but it's important. Hand wash only.",45.0,0.0
70,2019-07-26 17:10:54.446141,2019-09-10 22:39:54.259367,1394927,ASOS DESIGN Curve chino jogger,Throw on and go,Model wears: UK 18/ EU 46/ US 14,Model's height: 174cm/5'8.5,"",Smooth woven fabric. We partner with the Better Cotton Initiative to improve cotton farming globally. This makes it better for farmers and the environment. BCI provides farming-practice training. It promotes things like water efficiency and reducing the most harmful chemicals.,Main: 95% Polyester,"","You know the drill. Always check the label. Separate your colors, etc.",135.0,0.0
156,2019-07-26 17:10:54.737375,2019-09-10 22:39:54.32327,1447054,The North Face Red Box hoodie in gray/pink,Throw on and go,Model wears: UK S/ EU S/ US XS,Model's height: 173cm/5'8,"",Soft sweatshirt fabric. We partner with the Better Cotton Initiative to improve cotton farming globally. This makes it better for farmers and the environment. BCI provides farming-practice training. It promotes things like water efficiency and reducing the most harmful chemicals.,Main: 50% Cotton  50% Polyester.,"","Just here for the care instructions? Yeah, we thought so. Machine wash according to instructions on care label.",29.9,0.0
134,2019-07-26 17:10:54.664871,2019-09-10 22:39:54.34326,1485835,Stradivarius tailored pants in yellow,Part of a two-piece set,Model wears: UK S/ EU S/ US XS,Model's height: 178cm/5'10,"",Lightweight,Main: 55% Viscose  24% Cotton  21% Linen.,"",Just here for the care instructions? We've got you covered. Machine wash according to instructions on care label.,35.0,0.0
135,2019-07-26 17:10:54.668302,2019-09-10 22:39:54.348154,1447066,The North Face Shine On t-shirt in pink with pocket,For your daytime thing,Model wears: UK S/ EU S/ US XS,Model's height: 173cm/5'8,"",Go-with-everything jersey. We partner with the Better Cotton Initiative to improve cotton farming globally. This makes it better for farmers and the environment. BCI provides farming-practice training. It promotes things like water efficiency and reducing the most harmful chemicals.,Main: 95% Polyester,"","Just here for the care instructions? Yeah, we thought so. Machine wash according to instructions on care label.",32.0,0.0
234,2019-07-26 17:10:55.02254,2019-09-10 22:39:54.435293,1447054,The North Face Red Box hoodie in gray/pink,Throw on and go,Model wears: UK S/ EU S/ US XS,Model's height: 173cm/5'8,"",Soft sweatshirt fabric. We partner with the Better Cotton Initiative to improve cotton farming globally. This makes it better for farmers and the environment. BCI provides farming-practice training. It promotes things like water efficiency and reducing the most harmful chemicals.,Main: 50% Cotton 50% Polyester.  ,"","The label may be small, but it's important. Machine wash according to instructions on care label.",29.9,0.0
198,2019-07-26 17:10:54.891643,2019-09-10 22:39:54.609559,1419960,Wild Honey cami dress with bunny ties in ditsy print,Break out the blooms,Model wears: UK S/ EU S/ US XS,Model's height: 170cm/5'7,"",Lightweight woven fabric,Body: 100% Polyester.  ,"",Just here for the care instructions? We've got you covered. Machine wash according to instructions on care label.,30.0,0.0
50,2019-07-26 17:10:54.382027,2019-09-10 22:39:55.015139,1415544,Simply Be longline denim shorts with distressing in stonewash,Best paired with warm weather,Model wears: UK 18/ EU 46/ US 14,Model's height: 178cm/5'10,"",Stretch denim. For a tight cut without the restriction.,Main:  21% Polyester  12% Viscose  1% Spandex.,"",Just here for the care instructions? We've got you covered. Hand wash only.,23.0,0.0
